"ID Channel","Link Channel","Waktu","Link video","Komentar","Like"
"Disematkan oleh @ngelantur","https://www.youtube.com/@ngelantur","4 bulan yang lalu","https://www.youtube.com/watch?v=8bRMzypCXS0&lc=UgwZ-1RGUNsYcnuZ5_14AaABAg&pp=0gcJCSMANpG00pGi","Coba angkat tangan yang merasa jadi bagian dari makhluk hidup yang menonton 2 versi film ini (17+ & 21+)","1,7 rb"
"@juanabisha1983","https://www.youtube.com/@juanabisha1983","4 bulan yang lalu","https://www.youtube.com/watch?v=8bRMzypCXS0&lc=UgwLcaoACW93kzRD2sR4AaABAg","makin berkelas dan kreatip aja beliau nulis skrip video","253"
"@c.fadhylla5123","https://www.youtube.com/@c.fadhylla5123","4 bulan yang lalu","https://www.youtube.com/watch?v=8bRMzypCXS0&lc=UgyENJGQTXztAsjjIeB4AaABAg&pp=0gcJCSMANpG00pGi","Qodrat 2 and jumbo. Di tunggu","107"
"@Cindy_Ayu28","https://www.youtube.com/@Cindy_Ayu28","4 bulan yang lalu","https://www.youtube.com/watch?v=8bRMzypCXS0&lc=UgylaminxzMkUO2xcUN4AaABAg","Bener, aku setuju sebenernya bisa loh budaya di indonesia itu sampai internasional. Makanannya enak, budayanya beda2, bahasa setiap daerah beda, kekayaan alamnya juga epik, dan masih banyak lagi. Korea aja bisa pengaruhi Indonesia dari budaya, makanan, dll masa di indo filmnya cuma horror, kisah nyata, agama aja.","571"
"@Bangpan01","https://www.youtube.com/@Bangpan01","4 bulan yang lalu","https://www.youtube.com/watch?v=8bRMzypCXS0&lc=UgwRJ8V9MzHtdG36ECV4AaABAg","absolutely cinema","48"
"@om_gid","https://www.youtube.com/@om_gid","4 bulan yang lalu","https://www.youtube.com/watch?v=8bRMzypCXS0&lc=UgxmfKB7bgVhCN0cZJ14AaABAg","setuju sih, Pabrik Gula adalah KKN Desa Penari versi buruh pabrik","58"
"@enjidicky2646","https://www.youtube.com/@enjidicky2646","4 bulan yang lalu","https://www.youtube.com/watch?v=8bRMzypCXS0&lc=UgykRVufGS9HeYY0gfB4AaABAg","anjim gatau Kenapa ini diulang"" masih lucu","28"
"@Muhammad_Lutfi16","https://www.youtube.com/@Muhammad_Lutfi16","4 bulan yang lalu","https://www.youtube.com/watch?v=8bRMzypCXS0&lc=Ugy1uN5oxNpacyfWXH54AaABAg","tiba² banget tung tung tung sahur","19"
"@alisajidin2410","https://www.youtube.com/@alisajidin2410","4 bulan yang lalu","https://www.youtube.com/watch?v=8bRMzypCXS0&lc=Ugy_lKxCKSFYTXNJSUZ4AaABAg","Setuju bgt, aku aja org jawa udah jenuh muntah2 hari2 horor jawa mulu, sempat diskusi ama temenku kenapa ga indo timur atau daerah lain yang unik dan masih belum di explore","218"
"@iyaainiyogaa7307","https://www.youtube.com/@iyaainiyogaa7307","4 bulan yang lalu","https://www.youtube.com/watch?v=8bRMzypCXS0&lc=UgxKey_6OPr--rWHM4d4AaABAg","in normal days bro timothy menggunakan separuh pemikiran kreatifnya hanya untuk intro","519"
"@TheoBenciPedo","https://www.youtube.com/@TheoBenciPedo","4 bulan yang lalu","https://www.youtube.com/watch?v=8bRMzypCXS0&lc=UgwWqQR40jdJQKTxMwV4AaABAg","bisa jadi sound meme","19"
"@FFA-DRAGON","https://www.youtube.com/@FFA-DRAGON","4 bulan yang lalu","https://www.youtube.com/watch?v=8bRMzypCXS0&lc=UgzmOym2Xm6Q_knmybp4AaABAg&pp=0gcJCSMANpG00pGi","Bg bahas animasi jumbo bg","163"
"@gilangkharisma-d2c","https://www.youtube.com/@gilangkharisma-d2c","4 bulan yang lalu","https://www.youtube.com/watch?v=8bRMzypCXS0&lc=Ugwrq6zOb9lU4_6xPh54AaABAg","bangke...... lucu banget lagi lau bang review film ini.. apalagi moment jelasin versi uncut yang ternyata cuma 1 menit.. bjirrrrr... wkwkwk","1"
"@Rima-zw1qe","https://www.youtube.com/@Rima-zw1qe","4 bulan yang lalu","https://www.youtube.com/watch?v=8bRMzypCXS0&lc=Ugy7vTNzmK5uLyg48fh4AaABAg","Senyumnya creepy anjir","28"
"@lebahgntg","https://www.youtube.com/@lebahgntg","4 bulan yang lalu","https://www.youtube.com/watch?v=8bRMzypCXS0&lc=UgxZV07HNC0vaEG1D5F4AaABAg","Next Jumbo bang :D","46"
"@kaneguru1234","https://www.youtube.com/@kaneguru1234","4 bulan yang lalu","https://www.youtube.com/watch?v=8bRMzypCXS0&lc=UgwRWL7BjytbTTPE91t4AaABAg&pp=0gcJCSMANpG00pGi","Review Qodrat 2 Bng","46"
"@ReturnStr","https://www.youtube.com/@ReturnStr","4 bulan yang lalu","https://www.youtube.com/watch?v=8bRMzypCXS0&lc=UgzKB-PAyLlNgVKnq6p4AaABAg","salah satu formula horror indo yang sering muncul akhir-akhir ini: diselipin unsur komedi yang nanggung/dipakasakan dan cast nya pake komika","8"
"@lylymoll","https://www.youtube.com/@lylymoll","4 bulan yang lalu","https://www.youtube.com/watch?v=8bRMzypCXS0&lc=UgyENpzqhG1FuF_OaBd4AaABAg","sebenernya kurang di eksplor aja ceritanya tpi ya mau gimana awi + lele laila selalu gini naskahnya","47"
"@zeterXD","https://www.youtube.com/@zeterXD","4 bulan yang lalu","https://www.youtube.com/watch?v=8bRMzypCXS0&lc=Ugyy-_z7HXiP4GoCH9F4AaABAg","absolute cinema","32"
"@arifnugraha86","https://www.youtube.com/@arifnugraha86","4 bulan yang lalu (diedit)","https://www.youtube.com/watch?v=8bRMzypCXS0&lc=Ugx4EdvJiUEDO6SJi-J4AaABAg","Sdh kuduga, filmnya Pabrik Gula hambar. Harusnya kapan2 ada yg bikin film betapa berbahayanya buzzer di dunia nyata. Lebih urgensi dan meracuni penilaian jujur","272"
"@itz_ssr17","https://www.youtube.com/@itz_ssr17","4 bulan yang lalu","https://www.youtube.com/watch?v=8bRMzypCXS0&lc=UgxDutjHF9C4aGafWTx4AaABAg&pp=0gcJCSMANpG00pGi","bang jangan lupa review film jumbo 2025","2"
"@fami417","https://www.youtube.com/@fami417","4 bulan yang lalu","https://www.youtube.com/watch?v=8bRMzypCXS0&lc=UgxgzaWbbAfZncCrzQd4AaABAg","Nex Qodrat 2 bang","28"
"@satriadwi2616","https://www.youtube.com/@satriadwi2616","4 bulan yang lalu","https://www.youtube.com/watch?v=8bRMzypCXS0&lc=Ugy6FPZsTF5Rv1aBwM14AaABAg","menurut gw film pabrik gula ini dengan sengaja memilih plot yang mirip dan ga ada pendalaman karakter yang terlalud detail, pembuat film di indonesia ini lebih mentingin views daripada kualitas. namanya juga bisnis","234"
"@hilmiomegaosatsu2923","https://www.youtube.com/@hilmiomegaosatsu2923","4 bulan yang lalu","https://www.youtube.com/watch?v=8bRMzypCXS0&lc=UgwWsZQxMiNGXJdz3pV4AaABAg","Wkwk sumpah ini konten lucu banget setiap anda bahas selalu ada marahnya","12"
"@ahmad_kasimmm","https://www.youtube.com/@ahmad_kasimmm","4 bulan yang lalu","https://www.youtube.com/watch?v=8bRMzypCXS0&lc=UgzVqv-5xfasYRe_PRl4AaABAg","pas intro judul lagunya apa bang",""
"@NanaJejeDNa","https://www.youtube.com/@NanaJejeDNa","4 bulan yang lalu","https://www.youtube.com/watch?v=8bRMzypCXS0&lc=UgyDnI7lCrAni4pZ41J4AaABAg","Dah kuduga pasti sarkas","400"
"@rosallypaliling9476","https://www.youtube.com/@rosallypaliling9476","4 bulan yang lalu (diedit)","https://www.youtube.com/watch?v=8bRMzypCXS0&lc=Ugyh2GbQJTMw3sqQR8V4AaABAg","Akhirnya keluar reviewnya...gw pas nonton kemarin sebenarnya kepaksa karena teman2 gw gasuka nonton animasi, padahal prefer nonton jumbo. Soalnya gw anti nonton horor indo yg boring, bikin ngantuk dan yap plot,dll jelek....tapi bener2 dengan harapan positive gw masuk dan nonton, 1 jam pertama hampir ketiduran. Jumpscare basi, dan plot yang itu2 aja padahal cinematography dan aktornya udah lumayan","474"
"@OmorixAubreyCanon","https://www.youtube.com/@OmorixAubreyCanon","4 bulan yang lalu (diedit)","https://www.youtube.com/watch?v=8bRMzypCXS0&lc=UgxkihMUYDmzHDSP-Kt4AaABAg","keinget short nya
 kadang mereka itu gak punya inspirasi atau biasanya gak mau ribet ambil lah cerita viral biar ada kesan horor nya lebih menakutkan, agar penonton bisa lebih tertarik","261"
"@boelxz","https://www.youtube.com/@boelxz","4 bulan yang lalu","https://www.youtube.com/watch?v=8bRMzypCXS0&lc=UgxFN8bVdlzO-oOi2jl4AaABAg","kirain musiknya darth vader","1"
"@NataroKun","https://www.youtube.com/@NataroKun","4 bulan yang lalu","https://www.youtube.com/watch?v=8bRMzypCXS0&lc=UgyShSnasaaIqiaxWQ94AaABAg","beliau ini makin sini makin niat bikin intro","27"
"@bellaevanglistamp9626","https://www.youtube.com/@bellaevanglistamp9626","4 bulan yang lalu","https://www.youtube.com/watch?v=8bRMzypCXS0&lc=Ugw_qeja6weUwe19i3l4AaABAg","Gue subscriber baru lu bang. Tapi seminggu ini, tiap hari gue tontonin video lu dan gila sih untuk usia lu yang bisa dibilang masih muda, pemahaman lu akan film dan segala macam teknisnya, GILA!!! Ditambah lu punya skill komunikasi yang bagus, mudah dipahami, combo banget sih. Gue yakin banget, kalau lu konsisten begini, paling lama 5 tahun dari sekarang, lu akan jadi kritikus film yg sangat diperhitungkan di negeri ini. 
Semangat terus bang!","416"
"@buyuangatung4586","https://www.youtube.com/@buyuangatung4586","4 bulan yang lalu","https://www.youtube.com/watch?v=8bRMzypCXS0&lc=UgwuHq0UohmaFJafedJ4AaABAg","Wkwkwkk indonesia banget kalo ngomong hal2 yang berbau seksualitas, emang ni negara sempat bikin aku mikir 2x klo ini negara emang di isi manusia atau makhluk jaman megalitikum","42"
"@gilangkurnia3524","https://www.youtube.com/@gilangkurnia3524","4 bulan yang lalu","https://www.youtube.com/watch?v=8bRMzypCXS0&lc=Ugy5VYPCOKicGIjYKa14AaABAg","1 menit awal video full cinematic ini sudah sangat menjelaskan inti video","2"
"@insanproject3810","https://www.youtube.com/@insanproject3810","4 bulan yang lalu","https://www.youtube.com/watch?v=8bRMzypCXS0&lc=UgxOpvFh44UjpYDJzax4AaABAg","Kutunggu riviu qodrat 2 nya bang","5"
"@nullnihboss3758","https://www.youtube.com/@nullnihboss3758","4 bulan yang lalu","https://www.youtube.com/watch?v=8bRMzypCXS0&lc=UgyyqFjVK_Xi-FqLHDR4AaABAg","Next review qodrat 2 bang","39"
"@asyrafalhakim30","https://www.youtube.com/@asyrafalhakim30","4 bulan yang lalu","https://www.youtube.com/watch?v=8bRMzypCXS0&lc=UgzwSopAQkAHVKt6oLx4AaABAg","Ahhhh gua lebih nunggu review film jumbo daripada pabrik anak","149"
"@maemguys5221","https://www.youtube.com/@maemguys5221","4 bulan yang lalu","https://www.youtube.com/watch?v=8bRMzypCXS0&lc=Ugx4pyFvDKXMnJUW8Sd4AaABAg","nunggu abang punya thread dulu mungkin, bisa juga nanti di jadiin film",""
"@akurehan12","https://www.youtube.com/@akurehan12","4 bulan yang lalu","https://www.youtube.com/watch?v=8bRMzypCXS0&lc=Ugz1bTshe4BxDHIwgaV4AaABAg","intro yang creepy ya bang","7"
"@Dailystory98","https://www.youtube.com/@Dailystory98","4 bulan yang lalu","https://www.youtube.com/watch?v=8bRMzypCXS0&lc=UgxD6m8LVB5A71SBLep4AaABAg","puncak komedi di video ini wkwkwkwk","7"
"@joseagustian","https://www.youtube.com/@joseagustian","4 bulan yang lalu","https://www.youtube.com/watch?v=8bRMzypCXS0&lc=UgzIvcUjcPDOT-Q3Vut4AaABAg","Nonton ini karena diajak temen, dan jumpscarenya murahan. Cuma kelabang nongol dari piring aja dikasih sound untuk bikin penonton kaget wkwk","20"
"@OmorixAubreyCanon","https://www.youtube.com/@OmorixAubreyCanon","4 bulan yang lalu (diedit)","https://www.youtube.com/watch?v=8bRMzypCXS0&lc=UgxkihMUYDmzHDSP-Kt4AaABAg","keinget short nya
 kadang mereka itu gak punya inspirasi atau biasanya gak mau ribet ambil lah cerita viral biar ada kesan horor nya lebih menakutkan, agar penonton bisa lebih tertarik","261"
"@boelxz","https://www.youtube.com/@boelxz","4 bulan yang lalu","https://www.youtube.com/watch?v=8bRMzypCXS0&lc=UgxFN8bVdlzO-oOi2jl4AaABAg","kirain musiknya darth vader","1"
"@NataroKun","https://www.youtube.com/@NataroKun","4 bulan yang lalu","https://www.youtube.com/watch?v=8bRMzypCXS0&lc=UgyShSnasaaIqiaxWQ94AaABAg","beliau ini makin sini makin niat bikin intro","27"
"@bellaevanglistamp9626","https://www.youtube.com/@bellaevanglistamp9626","4 bulan yang lalu","https://www.youtube.com/watch?v=8bRMzypCXS0&lc=Ugw_qeja6weUwe19i3l4AaABAg","Gue subscriber baru lu bang. Tapi seminggu ini, tiap hari gue tontonin video lu dan gila sih untuk usia lu yang bisa dibilang masih muda, pemahaman lu akan film dan segala macam teknisnya, GILA!!! Ditambah lu punya skill komunikasi yang bagus, mudah dipahami, combo banget sih. Gue yakin banget, kalau lu konsisten begini, paling lama 5 tahun dari sekarang, lu akan jadi kritikus film yg sangat diperhitungkan di negeri ini. 
Semangat terus bang!","416"
"@buyuangatung4586","https://www.youtube.com/@buyuangatung4586","4 bulan yang lalu","https://www.youtube.com/watch?v=8bRMzypCXS0&lc=UgwuHq0UohmaFJafedJ4AaABAg","Wkwkwkk indonesia banget kalo ngomong hal2 yang berbau seksualitas, emang ni negara sempat bikin aku mikir 2x klo ini negara emang di isi manusia atau makhluk jaman megalitikum","42"
"@gilangkurnia3524","https://www.youtube.com/@gilangkurnia3524","4 bulan yang lalu","https://www.youtube.com/watch?v=8bRMzypCXS0&lc=Ugy5VYPCOKicGIjYKa14AaABAg","1 menit awal video full cinematic ini sudah sangat menjelaskan inti video","2"
"@insanproject3810","https://www.youtube.com/@insanproject3810","4 bulan yang lalu","https://www.youtube.com/watch?v=8bRMzypCXS0&lc=UgxOpvFh44UjpYDJzax4AaABAg","Kutunggu riviu qodrat 2 nya bang","5"
"@nullnihboss3758","https://www.youtube.com/@nullnihboss3758","4 bulan yang lalu","https://www.youtube.com/watch?v=8bRMzypCXS0&lc=UgyyqFjVK_Xi-FqLHDR4AaABAg","Next review qodrat 2 bang","39"
"@asyrafalhakim30","https://www.youtube.com/@asyrafalhakim30","4 bulan yang lalu","https://www.youtube.com/watch?v=8bRMzypCXS0&lc=UgzwSopAQkAHVKt6oLx4AaABAg","Ahhhh gua lebih nunggu review film jumbo daripada pabrik anak","149"
"@maemguys5221","https://www.youtube.com/@maemguys5221","4 bulan yang lalu","https://www.youtube.com/watch?v=8bRMzypCXS0&lc=Ugx4pyFvDKXMnJUW8Sd4AaABAg","nunggu abang punya thread dulu mungkin, bisa juga nanti di jadiin film",""
"@akurehan12","https://www.youtube.com/@akurehan12","4 bulan yang lalu","https://www.youtube.com/watch?v=8bRMzypCXS0&lc=Ugz1bTshe4BxDHIwgaV4AaABAg","intro yang creepy ya bang","7"
"@Dailystory98","https://www.youtube.com/@Dailystory98","4 bulan yang lalu","https://www.youtube.com/watch?v=8bRMzypCXS0&lc=UgxD6m8LVB5A71SBLep4AaABAg","puncak komedi di video ini wkwkwkwk","7"
"@joseagustian","https://www.youtube.com/@joseagustian","4 bulan yang lalu","https://www.youtube.com/watch?v=8bRMzypCXS0&lc=UgzIvcUjcPDOT-Q3Vut4AaABAg","Nonton ini karena diajak temen, dan jumpscarenya murahan. Cuma kelabang nongol dari piring aja dikasih sound untuk bikin penonton kaget wkwk","20"
"@gin-san-w7v","https://www.youtube.com/@gin-san-w7v","4 bulan yang lalu","https://www.youtube.com/watch?v=8bRMzypCXS0&lc=UgzYKHwTZgVNzGrk_oF4AaABAg","intro sama komedinya kocak bgt...",""
"@arzhii357","https://www.youtube.com/@arzhii357","4 bulan yang lalu","https://www.youtube.com/watch?v=8bRMzypCXS0&lc=Ugy3a89QCNR3TtjWY3p4AaABAg","berarti di purwokerto ga pengaruh tuh jam kuning jam merah, siang bahkan pagi nayangin uncut","14"
"@rakapradita7100","https://www.youtube.com/@rakapradita7100","4 bulan yang lalu","https://www.youtube.com/watch?v=8bRMzypCXS0&lc=Ugy4pl8NIMAeaKFbuiZ4AaABAg","cuss bahas jumbo bgg","10"
"@raxyrizky22rizky71","https://www.youtube.com/@raxyrizky22rizky71","4 bulan yang lalu (diedit)","https://www.youtube.com/watch?v=8bRMzypCXS0&lc=UgyArk7jC4DrirKHZu54AaABAg","ga tau sumpah ngakak aja dengernya","15"
"@toruaizawa7683","https://www.youtube.com/@toruaizawa7683","4 bulan yang lalu","https://www.youtube.com/watch?v=8bRMzypCXS0&lc=UgxTFvwWMpXBqU3hPQ54AaABAg","Plot hole terbesarnya, gudang ""keramat"" bekas kebakaran, tempat puluhan setan well done+, dan tempat maharatu, malah gak dikunci rapet2 atau malah ditembok sekalian ️","106"
"@npcgamerxz1353","https://www.youtube.com/@npcgamerxz1353","4 bulan yang lalu","https://www.youtube.com/watch?v=8bRMzypCXS0&lc=Ugwz1HxFNw23EKh1R_d4AaABAg","masih ada qodrat dan jumbo bang semangat","12"
"@IlhamAinur","https://www.youtube.com/@IlhamAinur","4 bulan yang lalu","https://www.youtube.com/watch?v=8bRMzypCXS0&lc=UgxqFYJKifL6oY_L1K94AaABAg","letsgo bikin versi uncutnya, pabrik gula, luweh dowo luweh medeni
tambahan durasi 30 menit adegan yg diposter lama","11"
"@nitaayuni5497","https://www.youtube.com/@nitaayuni5497","4 bulan yang lalu","https://www.youtube.com/watch?v=8bRMzypCXS0&lc=UgxSbHaVbl70WUHxDaR4AaABAg","bang bisa ngak review bloodbrother filem dari malaysia",""
"@nizamyaacob9622","https://www.youtube.com/@nizamyaacob9622","4 bulan yang lalu","https://www.youtube.com/watch?v=8bRMzypCXS0&lc=UgwGB603qNLjuEwCJJ94AaABAg","meme baru","11"
"@muhammedmunir5745","https://www.youtube.com/@muhammedmunir5745","4 bulan yang lalu","https://www.youtube.com/watch?v=8bRMzypCXS0&lc=UgysM1Ldk-BVSKSnu_h4AaABAg","Otw nonton qodrat 2","15"
"@sandiapriliansyah5213","https://www.youtube.com/@sandiapriliansyah5213","4 bulan yang lalu","https://www.youtube.com/watch?v=8bRMzypCXS0&lc=UgxcBjo2P5XBaoNRQTp4AaABAg","Selesai nonton film ini, gua ngobrol2 sama temen gua mengenai film ini ,dan yah argumen kita sama banget sama argumen lu bang Tim wkwkwk. Bahkan temen gua bilang nonton film ini tuh berasa kayak masuk ke rumah hantu, cuman kaget2an doang.","199"
"@ngakipsusilo9556","https://www.youtube.com/@ngakipsusilo9556","4 bulan yang lalu","https://www.youtube.com/watch?v=8bRMzypCXS0&lc=UgwMW51maQULDSUt6Nt4AaABAg","bro, elu ngerjain semua sendiri? wardrobe, lighting, camera, efek, sampe script pun elu kerjain sendiri? ga kebayang yg pas elu dipinggir jalan kmaren, keren, oleh karena itu gw subscribe elu.",""
"@hirohiro7354","https://www.youtube.com/@hirohiro7354","4 bulan yang lalu","https://www.youtube.com/watch?v=8bRMzypCXS0&lc=UgyHdp23f14KHLKXs0F4AaABAg","Anjay telingaku untuk lagi sendirian di kamar, tapi ini yg gw suka dari review bang ngelantur","5"
"@kanyaarmis","https://www.youtube.com/@kanyaarmis","4 bulan yang lalu","https://www.youtube.com/watch?v=8bRMzypCXS0&lc=Ugz27_25MnXJw4uDvPJ4AaABAg","Gua lebih takut opening video ini bang daripada filmnya","134"
"@zeey001","https://www.youtube.com/@zeey001","4 bulan yang lalu","https://www.youtube.com/watch?v=8bRMzypCXS0&lc=UgyoXkcv_IXJ-zau6fN4AaABAg","TATATATATA","9"
"@social1327","https://www.youtube.com/@social1327","4 bulan yang lalu","https://www.youtube.com/watch?v=8bRMzypCXS0&lc=Ugxzm8i9VsUgAf0aV7Z4AaABAg","bisa jadi emang bukan penulis yang menjadi masalah, tapi atasannya seperti producer? mengingat producer punya kendali yang besar buat menentukan kemana filmnya mau di buat",""
"@alibabachannel6204","https://www.youtube.com/@alibabachannel6204","4 bulan yang lalu","https://www.youtube.com/watch?v=8bRMzypCXS0&lc=UgzS93RPxpTkv9s-KFB4AaABAg","Bang coba review film jumbo biar orang"" pada tau","7"
"@ahmadmamad3848","https://www.youtube.com/@ahmadmamad3848","4 bulan yang lalu","https://www.youtube.com/watch?v=8bRMzypCXS0&lc=UgwwpbUJ0hKp3wq9Adt4AaABAg","Qodrat 2 ditunggu review nya bang","9"
"@woosshhh","https://www.youtube.com/@woosshhh","4 bulan yang lalu","https://www.youtube.com/watch?v=8bRMzypCXS0&lc=Ugxc3wowzoVFMpXtxux4AaABAg","sbar bang","10"
"@ardypamungkas9505","https://www.youtube.com/@ardypamungkas9505","4 bulan yang lalu","https://www.youtube.com/watch?v=8bRMzypCXS0&lc=UgyvpiDcxzrgS7ceAfR4AaABAg","bang blm review ""Qodrat"" ya kyaknya? slah 1 universe baru dlam genre horor sprtinya, bnyak yg blg constantine nya indo, atau demon slayer nya indo...",""
"@hirohiro7354","https://www.youtube.com/@hirohiro7354","4 bulan yang lalu","https://www.youtube.com/watch?v=8bRMzypCXS0&lc=UgyHdp23f14KHLKXs0F4AaABAg","Anjay telingaku untuk lagi sendirian di kamar, tapi ini yg gw suka dari review bang ngelantur","5"
"@kanyaarmis","https://www.youtube.com/@kanyaarmis","4 bulan yang lalu","https://www.youtube.com/watch?v=8bRMzypCXS0&lc=Ugz27_25MnXJw4uDvPJ4AaABAg","Gua lebih takut opening video ini bang daripada filmnya","134"
"@zeey001","https://www.youtube.com/@zeey001","4 bulan yang lalu","https://www.youtube.com/watch?v=8bRMzypCXS0&lc=UgyoXkcv_IXJ-zau6fN4AaABAg","TATATATATA","9"
"@social1327","https://www.youtube.com/@social1327","4 bulan yang lalu","https://www.youtube.com/watch?v=8bRMzypCXS0&lc=Ugxzm8i9VsUgAf0aV7Z4AaABAg","bisa jadi emang bukan penulis yang menjadi masalah, tapi atasannya seperti producer? mengingat producer punya kendali yang besar buat menentukan kemana filmnya mau di buat",""
"@alibabachannel6204","https://www.youtube.com/@alibabachannel6204","4 bulan yang lalu","https://www.youtube.com/watch?v=8bRMzypCXS0&lc=UgzS93RPxpTkv9s-KFB4AaABAg","Bang coba review film jumbo biar orang"" pada tau","7"
"@ahmadmamad3848","https://www.youtube.com/@ahmadmamad3848","4 bulan yang lalu","https://www.youtube.com/watch?v=8bRMzypCXS0&lc=UgwwpbUJ0hKp3wq9Adt4AaABAg","Qodrat 2 ditunggu review nya bang","9"
"@woosshhh","https://www.youtube.com/@woosshhh","4 bulan yang lalu","https://www.youtube.com/watch?v=8bRMzypCXS0&lc=Ugxc3wowzoVFMpXtxux4AaABAg","sbar bang","10"
"@ardypamungkas9505","https://www.youtube.com/@ardypamungkas9505","4 bulan yang lalu","https://www.youtube.com/watch?v=8bRMzypCXS0&lc=UgyvpiDcxzrgS7ceAfR4AaABAg","bang blm review ""Qodrat"" ya kyaknya? slah 1 universe baru dlam genre horor sprtinya, bnyak yg blg constantine nya indo, atau demon slayer nya indo...",""
"@AlaskaMckeen","https://www.youtube.com/@AlaskaMckeen","4 bulan yang lalu","https://www.youtube.com/watch?v=8bRMzypCXS0&lc=Ugz6TsdHmJMPyfdnfPN4AaABAg","mangekyou sharingan","33"
"@suryaeka8394","https://www.youtube.com/@suryaeka8394","4 bulan yang lalu (diedit)","https://www.youtube.com/watch?v=8bRMzypCXS0&lc=Ugx76zj13KJKrJcuWEx4AaABAg","Setuju point : kelemahan film lokal berada di narasi atau plot.

Dulu bang Jokan pernah bilang (lupa di podcast mana) yg intinya yg bikin seru ketika nonton film atau kita bahkan berasa masuk ke dalam cerita filmnya itu karena kita peduli dg karakter di film tsb. Knp muncul rasa peduli krn ada pengembangan karakter melalui plot dan narasi yg bagus.
Penonton diajak masuk ke dunia atau pov karakter di dlm film.

Inj yg jarang bgt ada di film lokal apalagi genre horor.","6"
"@alibabachannel6204","https://www.youtube.com/@alibabachannel6204","4 bulan yang lalu (diedit)","https://www.youtube.com/watch?v=8bRMzypCXS0&lc=UgxboEQJkQsVsDsH2eR4AaABAg","Sumpah bang ni film jelek udah dari dulu pengen gak nonton karena liat trailernya horor tapi konyol,di pertengahan sampai akhir ceritanya berantakan ceritanya & horornya biasa aja gak serem jadi bosan/ngantuk cuma terselamatkan ma komedinya,adegan dewasa & suka aja jumpscare cewe lari jadi hantu tapi itu kek pake trik film horor luar negeri apalagi kostum iblisnya dari perut sampai kaki gak rapi/gak kebentuk","24"
"@alarthur6666","https://www.youtube.com/@alarthur6666","4 bulan yang lalu","https://www.youtube.com/watch?v=8bRMzypCXS0&lc=UgzqinHAHF4KdLxeBkl4AaABAg","setuju bang. ama kkn desa penari alurnya sama. pengenalan - ngewss sembarang - mati","1"
"@CahBagus-m3r","https://www.youtube.com/@CahBagus-m3r","4 bulan yang lalu","https://www.youtube.com/watch?v=8bRMzypCXS0&lc=UgxAPWfMUCdz6L6kfdJ4AaABAg&pp=0gcJCSMANpG00pGi","Kasih tau yang pedes"" bro..  next biar proses kreatifnya brasa dari hati","4"
"@ErickTryadi","https://www.youtube.com/@ErickTryadi","4 bulan yang lalu","https://www.youtube.com/watch?v=8bRMzypCXS0&lc=UgwJjtEuo-0QQyIwsvF4AaABAg","Udah cocok bgt tuh bang maen di pilem horror","4"
"@faizgaming2722","https://www.youtube.com/@faizgaming2722","4 bulan yang lalu","https://www.youtube.com/watch?v=8bRMzypCXS0&lc=UgwFQDsfE1omXUfAyjV4AaABAg&pp=0gcJCSMANpG00pGi","lanjutt qodrat bangg","11"
"@chokirain","https://www.youtube.com/@chokirain","4 bulan yang lalu","https://www.youtube.com/watch?v=8bRMzypCXS0&lc=Ugwk8IAsvX92bBPdiuh4AaABAg","berasa nonton bang winson versi kritikus film, asik banget nontonnya wkwkwkwk",""
"@repannnnnnovan","https://www.youtube.com/@repannnnnnovan","4 bulan yang lalu (diedit)","https://www.youtube.com/watch?v=8bRMzypCXS0&lc=Ugw6jNLv864aCwFxTmh4AaABAg","pas banget buat gua yang pengen bikin drama biar sekalian pencerahan biar plot drama w ga loss
 Narasi
 Pendalaman karakter -  WORKSHOP","33"
"@ardhybL4ckHack3r_80y","https://www.youtube.com/@ardhybL4ckHack3r_80y","4 bulan yang lalu (diedit)","https://www.youtube.com/watch?v=8bRMzypCXS0&lc=UgwDHkbTagFXe_zoSzh4AaABAg","Saking emosinya jadi spoiler","22"
"@rizkytarol.tobinggg7304","https://www.youtube.com/@rizkytarol.tobinggg7304","4 bulan yang lalu","https://www.youtube.com/watch?v=8bRMzypCXS0&lc=UgzocbDYgUbDXfofq4d4AaABAg","Bro ini sangat ramah dalam me review film","8"
"@RusaMikir","https://www.youtube.com/@RusaMikir","4 bulan yang lalu","https://www.youtube.com/watch?v=8bRMzypCXS0&lc=UgzWSk13pumKxqAm1gR4AaABAg","Bang tambahin backsound mesin ketik atau bell pintu masuk 7 eleven Jepang, tik tik tik tit tit titutit",""
"@akbarrrhw","https://www.youtube.com/@akbarrrhw","4 bulan yang lalu","https://www.youtube.com/watch?v=8bRMzypCXS0&lc=Ugzw_10onXoP4BvON7l4AaABAg","Next jumbo bang","10"
"@iskandar8613","https://www.youtube.com/@iskandar8613","4 bulan yang lalu","https://www.youtube.com/watch?v=8bRMzypCXS0&lc=UgwzhBgdq2ZrckUU2SV4AaABAg","temen temen jangan lupa nonton jumbo yah... bela2in aja.. keren banget. bagus.. pas buat anak2, nyentuh bgt buat emak bapak yg nemenin anaknya. keren bgt..","141"
"@aldyferdian5383","https://www.youtube.com/@aldyferdian5383","4 bulan yang lalu (diedit)","https://www.youtube.com/watch?v=8bRMzypCXS0&lc=Ugy85RAx6URApOWCaMR4AaABAg","Lama banget ngga nonton horror indo kemaren nyoba nonton film ini karna di ajak temen, boring banget anjir, seriusan nih film horror indo sekarang apa cuman spam jumpscare doang kah, jumpscare terus pindah scene terus jumpscare lagi pindah scene lgi, gitu gitu doang  pas gue nonton mikir ini film apa kompilasi jumpscare. 

Sama ini film menurut gue berasa kaya ngga guna banget judulnya, karna kebanyakan scene cuman di mess karyawan sama di gudang doang
Lu ganti judulnya jadi pabrik kondom juga penonton ngga bakal peduli","476"
"@axlverdian6975","https://www.youtube.com/@axlverdian6975","4 bulan yang lalu","https://www.youtube.com/watch?v=8bRMzypCXS0&lc=Ugy2d8IyDxQP3zzw7Rh4AaABAg","Bangke lsng ketawa bang pas tung tung tung sahur",""
"@fitriyanto1180","https://www.youtube.com/@fitriyanto1180","4 bulan yang lalu (diedit)","https://www.youtube.com/watch?v=8bRMzypCXS0&lc=UgzXamhgwLUInFHPgKV4AaABAg","Jujur gw sebagai orang jawa agak resah sama film horor yg nyangkutin unsur jawa, soalnya saking banyaknya film horor yang nyangkutin budaya jawa seakan kayak budaya jawa itu ketal banget sama demit dan kawan”","211"
"@raddyeats6935","https://www.youtube.com/@raddyeats6935","4 bulan yang lalu","https://www.youtube.com/watch?v=8bRMzypCXS0&lc=UgzelverSdmiLyBhw-54AaABAg","Jujurly emang jelek film nya , kekesalan film pabrik gula :
1. Nuansa nya 2003 tapi vibes nya ga berasa tahun 2003, dari segi kostum, make up dan bahasa ..
2. Adegan Uncut nya sama kaya uncut kkn desa penari
3. Tidak ada pengenalan karakter 
4. Tidak ada adegan yang menonjol ( minimal ke kegiling mesin kek) ini cuman nebang tebu doang wkwk
5. (Tambahin sendiri gua ngantuk...! )","158"
"@gweneth_By1","https://www.youtube.com/@gweneth_By1","4 bulan yang lalu","https://www.youtube.com/watch?v=8bRMzypCXS0&lc=Ugx1OkgUM_3ZNeTc4lp4AaABAg","BANGG LU BENER BENER VILLAIN SIHH KATA GUEE KAGET BJIRR","3"
"@laurensiussinabutar4583","https://www.youtube.com/@laurensiussinabutar4583","4 bulan yang lalu","https://www.youtube.com/watch?v=8bRMzypCXS0&lc=UgwhMLsuVHauGujlbrJ4AaABAg","bener, gua suka lupa nama masing masing karakter nya. tiap mau nebak gong berikut nya lupa siapa nama nya. pelaku nya",""
"@ardhybL4ckHack3r_80y","https://www.youtube.com/@ardhybL4ckHack3r_80y","4 bulan yang lalu (diedit)","https://www.youtube.com/watch?v=8bRMzypCXS0&lc=UgwDHkbTagFXe_zoSzh4AaABAg","Saking emosinya jadi spoiler","22"
"@rizkytarol.tobinggg7304","https://www.youtube.com/@rizkytarol.tobinggg7304","4 bulan yang lalu","https://www.youtube.com/watch?v=8bRMzypCXS0&lc=UgzocbDYgUbDXfofq4d4AaABAg","Bro ini sangat ramah dalam me review film","8"
"@RusaMikir","https://www.youtube.com/@RusaMikir","4 bulan yang lalu","https://www.youtube.com/watch?v=8bRMzypCXS0&lc=UgzWSk13pumKxqAm1gR4AaABAg","Bang tambahin backsound mesin ketik atau bell pintu masuk 7 eleven Jepang, tik tik tik tit tit titutit",""
"@akbarrrhw","https://www.youtube.com/@akbarrrhw","4 bulan yang lalu","https://www.youtube.com/watch?v=8bRMzypCXS0&lc=Ugzw_10onXoP4BvON7l4AaABAg","Next jumbo bang","10"
"@iskandar8613","https://www.youtube.com/@iskandar8613","4 bulan yang lalu","https://www.youtube.com/watch?v=8bRMzypCXS0&lc=UgwzhBgdq2ZrckUU2SV4AaABAg","temen temen jangan lupa nonton jumbo yah... bela2in aja.. keren banget. bagus.. pas buat anak2, nyentuh bgt buat emak bapak yg nemenin anaknya. keren bgt..","141"
"@aldyferdian5383","https://www.youtube.com/@aldyferdian5383","4 bulan yang lalu (diedit)","https://www.youtube.com/watch?v=8bRMzypCXS0&lc=Ugy85RAx6URApOWCaMR4AaABAg","Lama banget ngga nonton horror indo kemaren nyoba nonton film ini karna di ajak temen, boring banget anjir, seriusan nih film horror indo sekarang apa cuman spam jumpscare doang kah, jumpscare terus pindah scene terus jumpscare lagi pindah scene lgi, gitu gitu doang  pas gue nonton mikir ini film apa kompilasi jumpscare. 

Sama ini film menurut gue berasa kaya ngga guna banget judulnya, karna kebanyakan scene cuman di mess karyawan sama di gudang doang
Lu ganti judulnya jadi pabrik kondom juga penonton ngga bakal peduli","476"
"@axlverdian6975","https://www.youtube.com/@axlverdian6975","4 bulan yang lalu","https://www.youtube.com/watch?v=8bRMzypCXS0&lc=Ugy2d8IyDxQP3zzw7Rh4AaABAg","Bangke lsng ketawa bang pas tung tung tung sahur",""
"@fitriyanto1180","https://www.youtube.com/@fitriyanto1180","4 bulan yang lalu (diedit)","https://www.youtube.com/watch?v=8bRMzypCXS0&lc=UgzXamhgwLUInFHPgKV4AaABAg","Jujur gw sebagai orang jawa agak resah sama film horor yg nyangkutin unsur jawa, soalnya saking banyaknya film horor yang nyangkutin budaya jawa seakan kayak budaya jawa itu ketal banget sama demit dan kawan”","211"
"@raddyeats6935","https://www.youtube.com/@raddyeats6935","4 bulan yang lalu","https://www.youtube.com/watch?v=8bRMzypCXS0&lc=UgzelverSdmiLyBhw-54AaABAg","Jujurly emang jelek film nya , kekesalan film pabrik gula :
1. Nuansa nya 2003 tapi vibes nya ga berasa tahun 2003, dari segi kostum, make up dan bahasa ..
2. Adegan Uncut nya sama kaya uncut kkn desa penari
3. Tidak ada pengenalan karakter 
4. Tidak ada adegan yang menonjol ( minimal ke kegiling mesin kek) ini cuman nebang tebu doang wkwk
5. (Tambahin sendiri gua ngantuk...! )","158"
"@gweneth_By1","https://www.youtube.com/@gweneth_By1","4 bulan yang lalu","https://www.youtube.com/watch?v=8bRMzypCXS0&lc=Ugx1OkgUM_3ZNeTc4lp4AaABAg","BANGG LU BENER BENER VILLAIN SIHH KATA GUEE KAGET BJIRR","3"
"@laurensiussinabutar4583","https://www.youtube.com/@laurensiussinabutar4583","4 bulan yang lalu","https://www.youtube.com/watch?v=8bRMzypCXS0&lc=UgwhMLsuVHauGujlbrJ4AaABAg","bener, gua suka lupa nama masing masing karakter nya. tiap mau nebak gong berikut nya lupa siapa nama nya. pelaku nya",""
"@ibrausa","https://www.youtube.com/@ibrausa","4 bulan yang lalu","https://www.youtube.com/watch?v=8bRMzypCXS0&lc=UgwGiryguswx01ehlex4AaABAg","Yang dikatain bang timoty ini bener jir dan film ini adalah film pertama yang gua tonton di bioskop dan gua kecewa dari segi ceritanya","163"
"@KomangAgussubala","https://www.youtube.com/@KomangAgussubala","4 bulan yang lalu","https://www.youtube.com/watch?v=8bRMzypCXS0&lc=UgwfL02Ail0Y4r4J4sV4AaABAg","senyumnya jirrrrr","119"
"@RinyCh_02","https://www.youtube.com/@RinyCh_02","4 bulan yang lalu","https://www.youtube.com/watch?v=8bRMzypCXS0&lc=UgzPI0yq4ppvfFxLa294AaABAg","Jirr parah lu bg
Hmm menurutku walaupun nih film sampah pulak..tapi pandangan beda dari film ini lumayan good sih syng bgt aj gtu","8"
"@leonidas_168","https://www.youtube.com/@leonidas_168","2 bulan yang lalu","https://www.youtube.com/watch?v=8bRMzypCXS0&lc=Ugygdl_GGls6UEBYRWF4AaABAg","Lgsg gw subscribe liat emosi nya yg sangat mewakili","1"
"@kaummendangmending2417","https://www.youtube.com/@kaummendangmending2417","4 bulan yang lalu","https://www.youtube.com/watch?v=8bRMzypCXS0&lc=UgyQsLTt7zIPBAwKLyB4AaABAg","Trending oy bang Timothy Ronald","5"
"@Panzerfäuste_1","https://www.youtube.com/@Panzerf%C3%A4uste_1","4 bulan yang lalu (diedit)","https://www.youtube.com/watch?v=8bRMzypCXS0&lc=UgycNGHdKxgut_nV9dt4AaABAg","Muka Villains Ngelatur ketika film busuk dibilang masterpiece oleh seseorang","4"
"@maybeDyka","https://www.youtube.com/@maybeDyka","4 bulan yang lalu","https://www.youtube.com/watch?v=8bRMzypCXS0&lc=UgyxbsDYvDHxEOknqrd4AaABAg","Bangggg kapan review jumbooooo","6"
"@triantoadifx","https://www.youtube.com/@triantoadifx","4 bulan yang lalu","https://www.youtube.com/watch?v=8bRMzypCXS0&lc=UgzJ9O92-FEN42UJcy94AaABAg","Bang ngga review animasi jumbo ? Bagus loh..m",""
"@berdikarivisual-x5x","https://www.youtube.com/@berdikarivisual-x5x","4 bulan yang lalu","https://www.youtube.com/watch?v=8bRMzypCXS0&lc=UgyUa5aXiZ3Rdk0Le0x4AaABAg","Indonesia butuh orang-orang berani ngomong pait. Nih negara banyak, jual rasa penasaran, jual harapan, jual agama. Berharap Mulu, action gak ada. Masyarakat dibuat terlena.","2,4 rb"
"@hengkycahyadi8932","https://www.youtube.com/@hengkycahyadi8932","4 bulan yang lalu","https://www.youtube.com/watch?v=8bRMzypCXS0&lc=UgxiCz6nRTVU8zeNDMh4AaABAg","bagusan review ny anying sumpah, sampe end credit Michael Bay. Kelar 
mgkn film ini lbi cocok buat pamer cinematography dan sound efek doank. Proposal tender film djadiin scene njiiir
jualan judul, jualan caption, jd cuan, horeeeee","5"
"@oliveavianca","https://www.youtube.com/@oliveavianca","4 bulan yang lalu","https://www.youtube.com/watch?v=8bRMzypCXS0&lc=Ugy3CST7xgcWdgnuSAJ4AaABAg","Bang Jumbo bang","10"
"@NonSensational1","https://www.youtube.com/@NonSensational1","4 bulan yang lalu","https://www.youtube.com/watch?v=8bRMzypCXS0&lc=Ugw5vkhPnk4FaPrq7F94AaABAg&pp=0gcJCSMANpG00pGi","Bang, coba bahas/rating film qodrat 2","1"
"@Reiza","https://www.youtube.com/@Reiza","4 bulan yang lalu (diedit)","https://www.youtube.com/watch?v=8bRMzypCXS0&lc=UgyCeSv81iK-PVTXvNV4AaABAg","Betul Joko Anwar memang beberapa filmnya terkadang ngantuk di pertengahan. TAPI TAPII hanya film film beliau yang bisa menyaingi film luar, bener memang kerasa setiap karyanya dibuat pake hati dan effort yang terbaik.","42"
"@derpfaceonigiri4950","https://www.youtube.com/@derpfaceonigiri4950","4 bulan yang lalu","https://www.youtube.com/watch?v=8bRMzypCXS0&lc=Ugy56vhsY56UGI_u5mB4AaABAg","Ni ceritanya beda jauh dri thread, menurutku masih bs lbh bagus klo ngikutin cerita aslinya, bukan recycle KKN lgi, ngikutin trend cerita perselingkuhan pula, ampun","10"
"@panjulyt8920","https://www.youtube.com/@panjulyt8920","4 bulan yang lalu","https://www.youtube.com/watch?v=8bRMzypCXS0&lc=Ugx_3yeurm0NT0OSxzJ4AaABAg","satu kata yg gw inget  ya ngeliat erica udh gtu selebihnya ngantuk nnggu nih beres film .  ini mah kkn bkn didesa tpi dipabrik udh gtu ajh. sprti biasa FOMO makanya rame.","5"
"@DjoedjoeEntertainment","https://www.youtube.com/@DjoedjoeEntertainment","4 bulan yang lalu","https://www.youtube.com/watch?v=8bRMzypCXS0&lc=Ugw8mRPXlOUTXKBVzK94AaABAg","Keren emang Lo bro..Host YouTube channel yg gokil...gw suka cara Lo bawain nya...cool dah pokonye",""
"@ZHrnXs","https://www.youtube.com/@ZHrnXs","4 bulan yang lalu","https://www.youtube.com/watch?v=8bRMzypCXS0&lc=Ugwqcx4DpRthGEBvLEN4AaABAg","Jumbo gasihh banggg","9"
"@amatronic6179","https://www.youtube.com/@amatronic6179","4 bulan yang lalu","https://www.youtube.com/watch?v=8bRMzypCXS0&lc=UgxxdDl1kw2yTO8f4K14AaABAg","Review ""Jumbo"" bang","100"
"@thoriqaryadanu","https://www.youtube.com/@thoriqaryadanu","4 bulan yang lalu","https://www.youtube.com/watch?v=8bRMzypCXS0&lc=UgwoDqCujvBzs_zMnvF4AaABAg","absolute sinema","5"
"@DharmarhD","https://www.youtube.com/@DharmarhD","4 bulan yang lalu","https://www.youtube.com/watch?v=8bRMzypCXS0&lc=UgyYVwj7Y1SkvM316st4AaABAg","Punjabi style, mulai dari susana jaman 2000 an sampai pabrik gula sekarang. Esek-esek sudah jadi ciri khas nya",""
"@RinyCh_02","https://www.youtube.com/@RinyCh_02","4 bulan yang lalu","https://www.youtube.com/watch?v=8bRMzypCXS0&lc=UgzPI0yq4ppvfFxLa294AaABAg","Jirr parah lu bg
Hmm menurutku walaupun nih film sampah pulak..tapi pandangan beda dari film ini lumayan good sih syng bgt aj gtu","8"
"@leonidas_168","https://www.youtube.com/@leonidas_168","2 bulan yang lalu","https://www.youtube.com/watch?v=8bRMzypCXS0&lc=Ugygdl_GGls6UEBYRWF4AaABAg","Lgsg gw subscribe liat emosi nya yg sangat mewakili","1"
"@kaummendangmending2417","https://www.youtube.com/@kaummendangmending2417","4 bulan yang lalu","https://www.youtube.com/watch?v=8bRMzypCXS0&lc=UgyQsLTt7zIPBAwKLyB4AaABAg","Trending oy bang Timothy Ronald","5"
"@maybeDyka","https://www.youtube.com/@maybeDyka","4 bulan yang lalu","https://www.youtube.com/watch?v=8bRMzypCXS0&lc=UgyxbsDYvDHxEOknqrd4AaABAg","Bangggg kapan review jumbooooo","6"
"@triantoadifx","https://www.youtube.com/@triantoadifx","4 bulan yang lalu","https://www.youtube.com/watch?v=8bRMzypCXS0&lc=UgzJ9O92-FEN42UJcy94AaABAg","Bang ngga review animasi jumbo ? Bagus loh..m",""
"@berdikarivisual-x5x","https://www.youtube.com/@berdikarivisual-x5x","4 bulan yang lalu","https://www.youtube.com/watch?v=8bRMzypCXS0&lc=UgyUa5aXiZ3Rdk0Le0x4AaABAg","Indonesia butuh orang-orang berani ngomong pait. Nih negara banyak, jual rasa penasaran, jual harapan, jual agama. Berharap Mulu, action gak ada. Masyarakat dibuat terlena.","2,4 rb"
"@hengkycahyadi8932","https://www.youtube.com/@hengkycahyadi8932","4 bulan yang lalu","https://www.youtube.com/watch?v=8bRMzypCXS0&lc=UgxiCz6nRTVU8zeNDMh4AaABAg","bagusan review ny anying sumpah, sampe end credit Michael Bay. Kelar 
mgkn film ini lbi cocok buat pamer cinematography dan sound efek doank. Proposal tender film djadiin scene njiiir
jualan judul, jualan caption, jd cuan, horeeeee","5"
"@oliveavianca","https://www.youtube.com/@oliveavianca","4 bulan yang lalu","https://www.youtube.com/watch?v=8bRMzypCXS0&lc=Ugy3CST7xgcWdgnuSAJ4AaABAg","Bang Jumbo bang","10"
"@NonSensational1","https://www.youtube.com/@NonSensational1","4 bulan yang lalu","https://www.youtube.com/watch?v=8bRMzypCXS0&lc=Ugw5vkhPnk4FaPrq7F94AaABAg&pp=0gcJCSMANpG00pGi","Bang, coba bahas/rating film qodrat 2","1"
"@Reiza","https://www.youtube.com/@Reiza","4 bulan yang lalu (diedit)","https://www.youtube.com/watch?v=8bRMzypCXS0&lc=UgyCeSv81iK-PVTXvNV4AaABAg","Betul Joko Anwar memang beberapa filmnya terkadang ngantuk di pertengahan. TAPI TAPII hanya film film beliau yang bisa menyaingi film luar, bener memang kerasa setiap karyanya dibuat pake hati dan effort yang terbaik.","42"
"@derpfaceonigiri4950","https://www.youtube.com/@derpfaceonigiri4950","4 bulan yang lalu","https://www.youtube.com/watch?v=8bRMzypCXS0&lc=Ugy56vhsY56UGI_u5mB4AaABAg","Ni ceritanya beda jauh dri thread, menurutku masih bs lbh bagus klo ngikutin cerita aslinya, bukan recycle KKN lgi, ngikutin trend cerita perselingkuhan pula, ampun","10"
"@panjulyt8920","https://www.youtube.com/@panjulyt8920","4 bulan yang lalu","https://www.youtube.com/watch?v=8bRMzypCXS0&lc=Ugx_3yeurm0NT0OSxzJ4AaABAg","satu kata yg gw inget  ya ngeliat erica udh gtu selebihnya ngantuk nnggu nih beres film .  ini mah kkn bkn didesa tpi dipabrik udh gtu ajh. sprti biasa FOMO makanya rame.","5"
"@DjoedjoeEntertainment","https://www.youtube.com/@DjoedjoeEntertainment","4 bulan yang lalu","https://www.youtube.com/watch?v=8bRMzypCXS0&lc=Ugw8mRPXlOUTXKBVzK94AaABAg","Keren emang Lo bro..Host YouTube channel yg gokil...gw suka cara Lo bawain nya...cool dah pokonye",""
"@ZHrnXs","https://www.youtube.com/@ZHrnXs","4 bulan yang lalu","https://www.youtube.com/watch?v=8bRMzypCXS0&lc=Ugwqcx4DpRthGEBvLEN4AaABAg","Jumbo gasihh banggg","9"
"@amatronic6179","https://www.youtube.com/@amatronic6179","4 bulan yang lalu","https://www.youtube.com/watch?v=8bRMzypCXS0&lc=UgxxdDl1kw2yTO8f4K14AaABAg","Review ""Jumbo"" bang","100"
"@thoriqaryadanu","https://www.youtube.com/@thoriqaryadanu","4 bulan yang lalu","https://www.youtube.com/watch?v=8bRMzypCXS0&lc=UgwoDqCujvBzs_zMnvF4AaABAg","absolute sinema","5"
"@DharmarhD","https://www.youtube.com/@DharmarhD","4 bulan yang lalu","https://www.youtube.com/watch?v=8bRMzypCXS0&lc=UgyYVwj7Y1SkvM316st4AaABAg","Punjabi style, mulai dari susana jaman 2000 an sampai pabrik gula sekarang. Esek-esek sudah jadi ciri khas nya",""
"@nazki0229","https://www.youtube.com/@nazki0229","4 bulan yang lalu","https://www.youtube.com/watch?v=8bRMzypCXS0&lc=UgyDZ0AoYrz02Ob2kVJ4AaABAg&pp=0gcJCSMANpG00pGi","Jumbo bang bgs bgt","7"
"@Nyzhtrik","https://www.youtube.com/@Nyzhtrik","4 bulan yang lalu","https://www.youtube.com/watch?v=8bRMzypCXS0&lc=UgzYEQw5t9xvU-x8jsx4AaABAg","Chatgpt : Buatlah cerita horor ala simpleman atau kkn desa penari, tapi tentang perusahaan smelter","51"
"@timitama7721","https://www.youtube.com/@timitama7721","2 bulan yang lalu","https://www.youtube.com/watch?v=8bRMzypCXS0&lc=Ugx8fb0NwyeFselcIoV4AaABAg","Aku juga heran, padahal banyak banget novel cakep tapi kalah sama tread viral","3"
"@asowkwkwkkw5679","https://www.youtube.com/@asowkwkwkkw5679","4 bulan yang lalu","https://www.youtube.com/watch?v=8bRMzypCXS0&lc=UgyPOJGx64oOp4g9llZ4AaABAg","Wkkkkkkkkk lanjut perjuangan ngelantur sampai 2045","1"
"@newan_rizky","https://www.youtube.com/@newan_rizky","4 bulan yang lalu","https://www.youtube.com/watch?v=8bRMzypCXS0&lc=UgzYhVUSXs9yPqmphw94AaABAg","Trending #7 cuy...","6"
"@Juliyanaziz","https://www.youtube.com/@Juliyanaziz","4 bulan yang lalu","https://www.youtube.com/watch?v=8bRMzypCXS0&lc=Ugw-CUObyQgNbjbOX1B4AaABAg","1. Hantunya gajelas, di plot cerita yg gosong gosong korban kebakaran tapi tiba tiba nyelip hantu lain kyk orang Belanda dan jin yg tinggi itu
2. Pembawaan seni didalam cerita kurang dalam penokohan (pendapat pribadi karena sedari kecil sudah kental dengan hiburan jaranan dan wayang) 
3. lagi lagi pembawaan bahasa Jawa yg kurang dari tokohnya 
4. lagi lagi alur cerita template seperti film lain yg dimana petaka datang karena melakuka hal tidak senonoh ditempat tertentu dan akhirnya menjadi korban","155"
"@folkingstudio","https://www.youtube.com/@folkingstudio","4 bulan yang lalu","https://www.youtube.com/watch?v=8bRMzypCXS0&lc=Ugxa7J2jJMZATjy73EN4AaABAg","Ini film target utamanya cari cuan, kalo kata gw mah baeknya review Jumbo aja bang yang udah jelas dibuat untuk naikin derajat film animasi lokal.","19"
"@FrOsTeR758","https://www.youtube.com/@FrOsTeR758","4 bulan yang lalu","https://www.youtube.com/watch?v=8bRMzypCXS0&lc=Ugxv48mrqQSCPWksT7R4AaABAg&pp=0gcJCSMANpG00pGi","Bang bahas minecraft movie lagi","1"
"@alimahfud269","https://www.youtube.com/@alimahfud269","4 bulan yang lalu","https://www.youtube.com/watch?v=8bRMzypCXS0&lc=UgwV8JjCZq8ST0Zumbp4AaABAg","Bahas jombo Tim, marketingnya ga segila pabrik gula tapi jauh lebih layak dapat perhatian","55"
"@BiiiiAbiii","https://www.youtube.com/@BiiiiAbiii","4 bulan yang lalu (diedit)","https://www.youtube.com/watch?v=8bRMzypCXS0&lc=UgyGfZZw9WONJySCtnF4AaABAg","NGAKAK","55"
"@spooth25","https://www.youtube.com/@spooth25","4 bulan yang lalu","https://www.youtube.com/watch?v=8bRMzypCXS0&lc=UgwagOwlVc5b0TZ5c2p4AaABAg","Udah bagus2 jokan bangkitin genre horor di indonesia, eh si punjabi kapitalis balik lagi pake formula birahi","66"
"@musimsemi8286","https://www.youtube.com/@musimsemi8286","4 bulan yang lalu","https://www.youtube.com/watch?v=8bRMzypCXS0&lc=UgwRdkPiozSo-3txqIt4AaABAg","Gua nunggu lu bakal bahas komedi film ini lebih banyak, eh akhirnya di akhir di bahas juga hahaha' klimaksnya benar-benar horror komedi.","1"
"@gbrnjim2699","https://www.youtube.com/@gbrnjim2699","4 bulan yang lalu","https://www.youtube.com/watch?v=8bRMzypCXS0&lc=Ugwm6IdPFwDNn7Ld8Fp4AaABAg","Jelas jelas ada Qodrat 2 yang film pertamanya bagus banget, tapi penonton Indo malah lagi lagi milih cerita thread viral kisah nyata yang entah beneran nyata apa engga","208"
"@indrarachmat7449","https://www.youtube.com/@indrarachmat7449","4 bulan yang lalu","https://www.youtube.com/watch?v=8bRMzypCXS0&lc=UgxaK5fH1BEFtrTeDdB4AaABAg","as always like ur set up, lighting, editing, etc. feel so warm.","44"
"@xmkvi","https://www.youtube.com/@xmkvi","4 bulan yang lalu","https://www.youtube.com/watch?v=8bRMzypCXS0&lc=UgxUVqdDmqM9YuUSXGR4AaABAg","ada lagi satu yang sangat menyebalkan dari perfilman horor indonesia. 
ADEGAN SHOLAT MOHON JANGAN PERNAH DIMUNCULKAN SETAN ATAUPUN JUMPSCARE, sama sekali ngawur! kalau di kebiasa in ada adegan itu ditakutkan anak kecil yg baru baligh takut akan sholat karena merasa dihantui makhluk halus","587"
"@itiliawati","https://www.youtube.com/@itiliawati","4 bulan yang lalu","https://www.youtube.com/watch?v=8bRMzypCXS0&lc=UgwerldVctRj6Ex_zQt4AaABAg","Asw baru ini nonton reviewer kocak bgt tp kritis. 
Good job",""
"@fajar4741","https://www.youtube.com/@fajar4741","4 bulan yang lalu","https://www.youtube.com/watch?v=8bRMzypCXS0&lc=UgwFFD_cSs1d8ar7VfR4AaABAg","Jualan film horror di indo :
- berdasarkan threads viral/kisah nyata.
- mengandung unsur agama tertentu (mis. Islam)
- tone gelap, pasti serem
- Jawa","1,2 rb"
"@dwidarayonita8293","https://www.youtube.com/@dwidarayonita8293","4 bulan yang lalu","https://www.youtube.com/watch?v=8bRMzypCXS0&lc=UgyvbaUI3ljLXNpAdU54AaABAg","Gak pernah2 nya gue fomo, sekalinya fomo langsung apes
Udah berusaha menerima karna eksekusi filmnya emang gue akui bagus. Tapi ujung2nya kesel juga, ni gue 2 jam ngapain aja njir? 

Banyak jumpscare atau adegan yg gak penting untuk jalan cerita.
Plot nya muda bangeeett ditebak, apalagi yg udah nonton KKN. 

Padahal banyak karakter atau masalah yg harusnya di dalami menurut gue. Komedi tipis2nya yaa lumayan laah untuk humor gue yg cetek ini, tapi penempatannya itu looh.

Tapi gue salut sih liat ada wayang sama kuda lumping dibawakan dengan acting yg baguuss bangett.","4"
"@Bubbleskiessss","https://www.youtube.com/@Bubbleskiessss","4 bulan yang lalu","https://www.youtube.com/watch?v=8bRMzypCXS0&lc=UgySCX-rFmhSwHTSTFd4AaABAg","Akhirnya di review jugaa jadi gak bingung lagi mau nonton atau save money buat film lain haha. Tapi emang yah walaupun cinematography bagus, audio bagus tapi plot cerita jelek mah ngapain karena yg dinikmati tuh pasti plot ceritanya duluu. Jadi inget film maharaja deh dia cinematography nya b aja, cgi nya boongan bgt tapii karena plot ceritanya buaagussss bgttt alhasil kekurangan tadi tuh termaafkan karena plot twist nyaa keren wkwkwk","51"
"@luthfiealanshori192","https://www.youtube.com/@luthfiealanshori192","4 bulan yang lalu","https://www.youtube.com/watch?v=8bRMzypCXS0&lc=UgyKh6fCJx11gt4GVt54AaABAg","saya sub, karena penting ada orang seperti anda.",""
"@BiiiiAbiii","https://www.youtube.com/@BiiiiAbiii","4 bulan yang lalu (diedit)","https://www.youtube.com/watch?v=8bRMzypCXS0&lc=UgyGfZZw9WONJySCtnF4AaABAg","NGAKAK","55"
"@spooth25","https://www.youtube.com/@spooth25","4 bulan yang lalu","https://www.youtube.com/watch?v=8bRMzypCXS0&lc=UgwagOwlVc5b0TZ5c2p4AaABAg","Udah bagus2 jokan bangkitin genre horor di indonesia, eh si punjabi kapitalis balik lagi pake formula birahi","66"
"@gbrnjim2699","https://www.youtube.com/@gbrnjim2699","4 bulan yang lalu","https://www.youtube.com/watch?v=8bRMzypCXS0&lc=Ugwm6IdPFwDNn7Ld8Fp4AaABAg","Jelas jelas ada Qodrat 2 yang film pertamanya bagus banget, tapi penonton Indo malah lagi lagi milih cerita thread viral kisah nyata yang entah beneran nyata apa engga","208"
"@indrarachmat7449","https://www.youtube.com/@indrarachmat7449","4 bulan yang lalu","https://www.youtube.com/watch?v=8bRMzypCXS0&lc=UgxaK5fH1BEFtrTeDdB4AaABAg","as always like ur set up, lighting, editing, etc. feel so warm.","44"
"@xmkvi","https://www.youtube.com/@xmkvi","4 bulan yang lalu","https://www.youtube.com/watch?v=8bRMzypCXS0&lc=UgxUVqdDmqM9YuUSXGR4AaABAg","ada lagi satu yang sangat menyebalkan dari perfilman horor indonesia. 
ADEGAN SHOLAT MOHON JANGAN PERNAH DIMUNCULKAN SETAN ATAUPUN JUMPSCARE, sama sekali ngawur! kalau di kebiasa in ada adegan itu ditakutkan anak kecil yg baru baligh takut akan sholat karena merasa dihantui makhluk halus","587"
"@itiliawati","https://www.youtube.com/@itiliawati","4 bulan yang lalu","https://www.youtube.com/watch?v=8bRMzypCXS0&lc=UgwerldVctRj6Ex_zQt4AaABAg","Asw baru ini nonton reviewer kocak bgt tp kritis. 
Good job",""
"@fajar4741","https://www.youtube.com/@fajar4741","4 bulan yang lalu","https://www.youtube.com/watch?v=8bRMzypCXS0&lc=UgwFFD_cSs1d8ar7VfR4AaABAg","Jualan film horror di indo :
- berdasarkan threads viral/kisah nyata.
- mengandung unsur agama tertentu (mis. Islam)
- tone gelap, pasti serem
- Jawa","1,2 rb"
"@dwidarayonita8293","https://www.youtube.com/@dwidarayonita8293","4 bulan yang lalu","https://www.youtube.com/watch?v=8bRMzypCXS0&lc=UgyvbaUI3ljLXNpAdU54AaABAg","Gak pernah2 nya gue fomo, sekalinya fomo langsung apes
Udah berusaha menerima karna eksekusi filmnya emang gue akui bagus. Tapi ujung2nya kesel juga, ni gue 2 jam ngapain aja njir? 

Banyak jumpscare atau adegan yg gak penting untuk jalan cerita.
Plot nya muda bangeeett ditebak, apalagi yg udah nonton KKN. 

Padahal banyak karakter atau masalah yg harusnya di dalami menurut gue. Komedi tipis2nya yaa lumayan laah untuk humor gue yg cetek ini, tapi penempatannya itu looh.

Tapi gue salut sih liat ada wayang sama kuda lumping dibawakan dengan acting yg baguuss bangett.","4"
"@Bubbleskiessss","https://www.youtube.com/@Bubbleskiessss","4 bulan yang lalu","https://www.youtube.com/watch?v=8bRMzypCXS0&lc=UgySCX-rFmhSwHTSTFd4AaABAg","Akhirnya di review jugaa jadi gak bingung lagi mau nonton atau save money buat film lain haha. Tapi emang yah walaupun cinematography bagus, audio bagus tapi plot cerita jelek mah ngapain karena yg dinikmati tuh pasti plot ceritanya duluu. Jadi inget film maharaja deh dia cinematography nya b aja, cgi nya boongan bgt tapii karena plot ceritanya buaagussss bgttt alhasil kekurangan tadi tuh termaafkan karena plot twist nyaa keren wkwkwk","51"
"@luthfiealanshori192","https://www.youtube.com/@luthfiealanshori192","4 bulan yang lalu","https://www.youtube.com/watch?v=8bRMzypCXS0&lc=UgyKh6fCJx11gt4GVt54AaABAg","saya sub, karena penting ada orang seperti anda.",""
"@sotoayamwenak7184","https://www.youtube.com/@sotoayamwenak7184","4 bulan yang lalu","https://www.youtube.com/watch?v=8bRMzypCXS0&lc=UgwcVKJHwoNCxtsooBd4AaABAg","cocok ini jadi wallpaper ngelantur corps","34"
"@skeptiplay","https://www.youtube.com/@skeptiplay","4 bulan yang lalu","https://www.youtube.com/watch?v=8bRMzypCXS0&lc=Ugw1jECE_P4l-SR_r_54AaABAg","Akhirnya SimpleMan menemukan lawan yg sepadan . Gue setuju sih, SimpleMan lagi SimpleMan lagi, kenapa riset tentang ceritanya tuh gak diperdalam, maksud gue ya jangan ngandelin Thread nya si SimpleMan doang","23"
"@tom_kevin","https://www.youtube.com/@tom_kevin","4 bulan yang lalu","https://www.youtube.com/watch?v=8bRMzypCXS0&lc=UgyxV-tK2GT7u5cHVa94AaABAg","Udah cocok lu bang jadi sutradara film","155"
"@ngurahtresna6998","https://www.youtube.com/@ngurahtresna6998","4 bulan yang lalu","https://www.youtube.com/watch?v=8bRMzypCXS0&lc=UgyWTggPAIzLhhcDdFJ4AaABAg","Halo bang, coba review final Destination | 25 anniversary Deathstream",""
"@Josua_SayangSemua","https://www.youtube.com/@Josua_SayangSemua","4 bulan yang lalu","https://www.youtube.com/watch?v=8bRMzypCXS0&lc=Ugz3f9JhlSjPjFx6Bg14AaABAg","gampang bet cuy ngomong nya","5"
"@priambudiganang9077","https://www.youtube.com/@priambudiganang9077","4 bulan yang lalu","https://www.youtube.com/watch?v=8bRMzypCXS0&lc=Ugw-ncMzukjHsHOHIy14AaABAg","Sebenernya dengab lu nonton opening ngelantur, lu bisa tau dia mau ngasih nilai berapa","505"
"@boby.setiawan","https://www.youtube.com/@boby.setiawan","4 bulan yang lalu (diedit)","https://www.youtube.com/watch?v=8bRMzypCXS0&lc=UgyHS9IKawYj_8-owih4AaABAg","Bro benar benar mengikuti formula film horor terlaris di indonesia untuk diimplementasikan kedalam filmnya. Alternate titlenya: Kerja di Pabrik Gula.","9"
"@FPRIOS_","https://www.youtube.com/@FPRIOS_","4 bulan yang lalu","https://www.youtube.com/watch?v=8bRMzypCXS0&lc=UgzV0TXBbMCizBczaOp4AaABAg","Intro MD picture mirip marvel kgi",""
"@BramantyoHD","https://www.youtube.com/@BramantyoHD","4 bulan yang lalu","https://www.youtube.com/watch?v=8bRMzypCXS0&lc=UgzqA6V0IHq1LcjtZMF4AaABAg","Lebih kerasa komedinya daripada horornya","17"
"@faisalarya7583","https://www.youtube.com/@faisalarya7583","4 bulan yang lalu (diedit)","https://www.youtube.com/watch?v=8bRMzypCXS0&lc=UgyfXQMU4DwvANdh1MN4AaABAg","sekureng kureng nya film horror gw gapernah denger pacar gw bilang film nya ga serem karena emang penakut abis, tapi untuk kali ini, nih film bener bener berada di bawah dasar level film horror bahkan untuk orang penakut + cerita nya gajelas, ending gajelas, paling males kalo udah liat ending yang di buat seakan semua belum selesai, ya ya ya gw tau kalo film nya rame pasti di milking, tapi kocak banget film horor yang katanya kisah nyata tapi punya sequel, kek berasa nonton film action last boss nya ternyata masih idup","79"
"@helenaanjukhirani5094","https://www.youtube.com/@helenaanjukhirani5094","4 bulan yang lalu","https://www.youtube.com/watch?v=8bRMzypCXS0&lc=UgyMiAyg08ikM5fkjPV4AaABAg","Bang , kalau menurut lu kira-kira Film Doraemon Movie terbaik versi lu tuh yang mana bang? Kan doraemon movie ada banyak. Kira-kira yang menurut lu terbaik tuh yang mana? :)","3"
"@Critsung","https://www.youtube.com/@Critsung","4 bulan yang lalu","https://www.youtube.com/watch?v=8bRMzypCXS0&lc=Ugxko_045m5JHPGpsnt4AaABAg","Ternyata bkn gw doang yg ngerasa kek gini wkwk, asli emg sound pas entrancenya si monster/genderuwo (?) itu gw langsung inget sama pre atomic blastnya si Gojira",""
"@fachryfast","https://www.youtube.com/@fachryfast","4 bulan yang lalu","https://www.youtube.com/watch?v=8bRMzypCXS0&lc=Ugz6fu_YY4Z09oxVNgt4AaABAg","Itu setan nya marah karena pabrik gula yang harusnya bau nya manis kayak gula, malah jadi bau peju karena 2 orang ngewong disana, akhirnya ngamuk dah para penghuni di pabrik itu","43"
"@juliowahyuapandi","https://www.youtube.com/@juliowahyuapandi","4 bulan yang lalu","https://www.youtube.com/watch?v=8bRMzypCXS0&lc=UgzEuEJ-ethBzCS34yZ4AaABAg","asli ceritanya gajelas bgt, film horror yg dikhususin buat jumpscare tapi gaada serem2nya sama sekali","67"
"@Eyeleess","https://www.youtube.com/@Eyeleess","4 bulan yang lalu","https://www.youtube.com/watch?v=8bRMzypCXS0&lc=UgxEvllHi5oD0QOZ4254AaABAg","ngakak gw","18"
"@giornogiovanna702","https://www.youtube.com/@giornogiovanna702","4 bulan yang lalu","https://www.youtube.com/watch?v=8bRMzypCXS0&lc=Ugzm7UOpkvSJ_rfB3354AaABAg","Bang coba review trailer karate kid legends","1"
"@yohanesandreprasetyo-tulun9819","https://www.youtube.com/@yohanesandreprasetyo-tulun9819","4 bulan yang lalu","https://www.youtube.com/watch?v=8bRMzypCXS0&lc=UgxoTaKFxD3gIR4s6fh4AaABAg","film ini adalah kkn d desa penari pindah ke pabrik gula..","34"
"@kambinglabm7","https://www.youtube.com/@kambinglabm7","4 bulan yang lalu","https://www.youtube.com/watch?v=8bRMzypCXS0&lc=UgwooVfVHYesLhEGaHt4AaABAg","absolute cinema ️","13"
"@priambudiganang9077","https://www.youtube.com/@priambudiganang9077","4 bulan yang lalu","https://www.youtube.com/watch?v=8bRMzypCXS0&lc=Ugw-ncMzukjHsHOHIy14AaABAg","Sebenernya dengab lu nonton opening ngelantur, lu bisa tau dia mau ngasih nilai berapa","505"
"@boby.setiawan","https://www.youtube.com/@boby.setiawan","4 bulan yang lalu (diedit)","https://www.youtube.com/watch?v=8bRMzypCXS0&lc=UgyHS9IKawYj_8-owih4AaABAg","Bro benar benar mengikuti formula film horor terlaris di indonesia untuk diimplementasikan kedalam filmnya. Alternate titlenya: Kerja di Pabrik Gula.","9"
"@FPRIOS_","https://www.youtube.com/@FPRIOS_","4 bulan yang lalu","https://www.youtube.com/watch?v=8bRMzypCXS0&lc=UgzV0TXBbMCizBczaOp4AaABAg","Intro MD picture mirip marvel kgi",""
"@BramantyoHD","https://www.youtube.com/@BramantyoHD","4 bulan yang lalu","https://www.youtube.com/watch?v=8bRMzypCXS0&lc=UgzqA6V0IHq1LcjtZMF4AaABAg","Lebih kerasa komedinya daripada horornya","17"
"@faisalarya7583","https://www.youtube.com/@faisalarya7583","4 bulan yang lalu (diedit)","https://www.youtube.com/watch?v=8bRMzypCXS0&lc=UgyfXQMU4DwvANdh1MN4AaABAg","sekureng kureng nya film horror gw gapernah denger pacar gw bilang film nya ga serem karena emang penakut abis, tapi untuk kali ini, nih film bener bener berada di bawah dasar level film horror bahkan untuk orang penakut + cerita nya gajelas, ending gajelas, paling males kalo udah liat ending yang di buat seakan semua belum selesai, ya ya ya gw tau kalo film nya rame pasti di milking, tapi kocak banget film horor yang katanya kisah nyata tapi punya sequel, kek berasa nonton film action last boss nya ternyata masih idup","79"
"@helenaanjukhirani5094","https://www.youtube.com/@helenaanjukhirani5094","4 bulan yang lalu","https://www.youtube.com/watch?v=8bRMzypCXS0&lc=UgyMiAyg08ikM5fkjPV4AaABAg","Bang , kalau menurut lu kira-kira Film Doraemon Movie terbaik versi lu tuh yang mana bang? Kan doraemon movie ada banyak. Kira-kira yang menurut lu terbaik tuh yang mana? :)","3"
"@Critsung","https://www.youtube.com/@Critsung","4 bulan yang lalu","https://www.youtube.com/watch?v=8bRMzypCXS0&lc=Ugxko_045m5JHPGpsnt4AaABAg","Ternyata bkn gw doang yg ngerasa kek gini wkwk, asli emg sound pas entrancenya si monster/genderuwo (?) itu gw langsung inget sama pre atomic blastnya si Gojira",""
"@fachryfast","https://www.youtube.com/@fachryfast","4 bulan yang lalu","https://www.youtube.com/watch?v=8bRMzypCXS0&lc=Ugz6fu_YY4Z09oxVNgt4AaABAg","Itu setan nya marah karena pabrik gula yang harusnya bau nya manis kayak gula, malah jadi bau peju karena 2 orang ngewong disana, akhirnya ngamuk dah para penghuni di pabrik itu","43"
"@juliowahyuapandi","https://www.youtube.com/@juliowahyuapandi","4 bulan yang lalu","https://www.youtube.com/watch?v=8bRMzypCXS0&lc=UgzEuEJ-ethBzCS34yZ4AaABAg","asli ceritanya gajelas bgt, film horror yg dikhususin buat jumpscare tapi gaada serem2nya sama sekali","67"
"@Eyeleess","https://www.youtube.com/@Eyeleess","4 bulan yang lalu","https://www.youtube.com/watch?v=8bRMzypCXS0&lc=UgxEvllHi5oD0QOZ4254AaABAg","ngakak gw","18"
"@giornogiovanna702","https://www.youtube.com/@giornogiovanna702","4 bulan yang lalu","https://www.youtube.com/watch?v=8bRMzypCXS0&lc=Ugzm7UOpkvSJ_rfB3354AaABAg","Bang coba review trailer karate kid legends","1"
"@yohanesandreprasetyo-tulun9819","https://www.youtube.com/@yohanesandreprasetyo-tulun9819","4 bulan yang lalu","https://www.youtube.com/watch?v=8bRMzypCXS0&lc=UgxoTaKFxD3gIR4s6fh4AaABAg","film ini adalah kkn d desa penari pindah ke pabrik gula..","34"
"@kambinglabm7","https://www.youtube.com/@kambinglabm7","4 bulan yang lalu","https://www.youtube.com/watch?v=8bRMzypCXS0&lc=UgwooVfVHYesLhEGaHt4AaABAg","absolute cinema ️","13"
"@Khairulanshari","https://www.youtube.com/@Khairulanshari","4 bulan yang lalu (diedit)","https://www.youtube.com/watch?v=8bRMzypCXS0&lc=UgyUhuf-o7Xrurp3v294AaABAg","ada gua bjir, haha","58"
"@NICEKING-SPEED","https://www.youtube.com/@NICEKING-SPEED","4 bulan yang lalu (diedit)","https://www.youtube.com/watch?v=8bRMzypCXS0&lc=Ugx8xO9xoGNp_0jidjZ4AaABAg","BG film Minecraft movie kapan rilis di Indonesia bg di luar negeri sudah di rilis bg","2"
"@jerichoanandys4073","https://www.youtube.com/@jerichoanandys4073","4 bulan yang lalu","https://www.youtube.com/watch?v=8bRMzypCXS0&lc=UgxSF0Tgmfs91gQUbo54AaABAg","Absolute Cinema","16"
"@RefreshedNousagi","https://www.youtube.com/@RefreshedNousagi","4 bulan yang lalu (diedit)","https://www.youtube.com/watch?v=8bRMzypCXS0&lc=Ugy9P-vlDPkEE40fH0h4AaABAg","pake headset gais hehe 

Biar gak ada korban lagi selain gw","39"
"@aysfavorite","https://www.youtube.com/@aysfavorite","4 bulan yang lalu","https://www.youtube.com/watch?v=8bRMzypCXS0&lc=UgylXGqSkXf8BSNZLZZ4AaABAg","Emang sih menurut aku juga film indonesia banyak yang gagal itu karena PLOT nya.. Indonesia ga kekurangan artis yg acting nya oke, terus udah kebukti banyak film yg sinematografi nya bagus juga, make up dan pendukung2 lain nya juga udah banyak oke.... tapi selalu banyak film yg PLOT nya engga jelas jadi nya film nya gagal..  padahl PLOT itu sepenting itu PAKE BANGETTTTTTT...
Karena menurut aku ketika kita nonton film itu yg paling penting pesan nya bener2 harus nyampe, perasaan nya nyampe, cerita nya di mengerti dan masuk akal.. banyak banget film indo tuh ujug2 gini ujug2 gitu tanpa di jelasin sebab asal usul nya jadi nya kita yg nonton hah heh hoh, ah masa kaya gitu dasar film, haha keliatan banget boong nya dasar film.. kadang bahkan nemu yang terlalu maksain padahal di dunia nyata aja ga kaya gitu.. tolong ini mah penting banget di perbaiki dari segi PLOT nya ya.. dan serius aku berharap banget bakal ada banyak penulis yg hebat bermunculan untuk film indonesia yang inti nya ga males buat nulis dan jngan asal jadi aja bikin film nya..  tapi tetep semangat, ayo maju terus perfilman indonesia..","39"
"@sandiapriliansyah5213","https://www.youtube.com/@sandiapriliansyah5213","4 bulan yang lalu","https://www.youtube.com/watch?v=8bRMzypCXS0&lc=UgzdYrDYCN24vk6G55Z4AaABAg","Pas scene si nenek atraksi kuda lumping menurut gua bagus banget, tegangnya berasa, hal ini di dukung oleh sinematografi, sound desaignnya, dan koreografi yang mantep banget. Berasa nonton scene ritual di Exuma","56"
"@dragongate1049","https://www.youtube.com/@dragongate1049","4 bulan yang lalu (diedit)","https://www.youtube.com/watch?v=8bRMzypCXS0&lc=UgzuQ8moKfpolSJdl2t4AaABAg","Teman-teman, aku mau tanya sesuatu..
Ada yg percaya gaa klo misalkan ada ""conspiracy"" bahwa sbnrnya si Simpleman itu adalah orang yg bertugas bikin cerita untuk PH Filmnya?? 
Maaf nih sblmnya, tapi gimana seandainya next film adaptasi by Simpleman dibikin oleh PH lain? Kecuali klo emang udah ""dikontrak"" sih..
Btw selamat ya wahai PH, kru, sutradara, dan para pemain karena filmnya ""laris manis"" 
Tapi jujur, berharap Qodrat 2 atau Jumbo mencapai jutaan juga sih.
2 film itu juga bagus banget kok, setidaknya klo dibandingin antara film ini sama Qodrat 2 (sama-sama genre horror).","142"
"@Rmp45-k2u","https://www.youtube.com/@Rmp45-k2u","4 bulan yang lalu","https://www.youtube.com/watch?v=8bRMzypCXS0&lc=Ugy5aQFW4dgy8OJNk7d4AaABAg","Nightmare 7 hari 7 malam","369"
"@tamianingsih30","https://www.youtube.com/@tamianingsih30","4 bulan yang lalu","https://www.youtube.com/watch?v=8bRMzypCXS0&lc=UgxoCTUUPjtw1R5aBU94AaABAg","Review Norma banggg, penasaran soalnya syutingnya di kota gua",""
"@DennyDarko","https://www.youtube.com/@DennyDarko","4 bulan yang lalu","https://www.youtube.com/watch?v=8bRMzypCXS0&lc=UgxIAg4SKEjzs_IisBh4AaABAg","Boss2 Keturunan India ini ga mau gambling buat rubah formula utk slot film lebaran, sama kaya Boss2 TV yg ga mau gambling dan pake host2 atau juri2 lain buat acara flagship mereka. Money First Creativity Later.

Anyway gini aja udah 2jt penonton ngapain susah2","191"
"@Qotato_R","https://www.youtube.com/@Qotato_R","4 bulan yang lalu","https://www.youtube.com/watch?v=8bRMzypCXS0&lc=UgwlJ3dTziMUoHgr4i14AaABAg","baaaaaangggg bahas JUMBO animasi keluaran 2025 dari visinema","9"
"@matchako1728","https://www.youtube.com/@matchako1728","4 bulan yang lalu","https://www.youtube.com/watch?v=8bRMzypCXS0&lc=Ugzztsv_0SkGf6D1PTR4AaABAg","Nggak ada niatan ngereview Jumbo kah padahal lagi hype hypenya","5"
"@wawanjuanda5916","https://www.youtube.com/@wawanjuanda5916","4 bulan yang lalu","https://www.youtube.com/watch?v=8bRMzypCXS0&lc=Ugx2-gFfNbBXKTx6QoJ4AaABAg","Seharusnya sosok monster ini lebih di explor lagi dalam film ini sebagai sosok hantu utama di flm ini agar lebih menegangkan lagi dari awal sampe akhir bukan hanya jumpscare yg hanya selintas selintas, menurut saya sih",""
"@delaanggraeni3868","https://www.youtube.com/@delaanggraeni3868","4 bulan yang lalu","https://www.youtube.com/watch?v=8bRMzypCXS0&lc=UgxlzYhqEgZo5ZWP2014AaABAg","Bener bgt, banyak jumpscare tapi gaada yg bikin takut sama sekali. 

Pas lebaran nonton sama saudara, gue denger ada suara anak kecil bjir di bioskop (munkin salah denger). Mall tempat nonton nya mau bangkrut kayanya, tapi ketolong sama bioskop, karna dari lantai 1-3 itu kosong. Gila aja masa anak kecil dibolehin masuk?","67"
"@danargalihjatnika2808","https://www.youtube.com/@danargalihjatnika2808","4 bulan yang lalu","https://www.youtube.com/watch?v=8bRMzypCXS0&lc=UgwxPTB07XchMg9U-wZ4AaABAg","sumpah lu nyebelin banget bang","6"
"@farrasnaufal721","https://www.youtube.com/@farrasnaufal721","4 bulan yang lalu","https://www.youtube.com/watch?v=8bRMzypCXS0&lc=UgzW54QS8CV5qGaVqAN4AaABAg","Tauga beberapa detail di Pabrik Gula yang bikin Saya ngakak:
1. Pas adegan kuda lumping dan mata mbah-mbah nya berubah, kalo para cosplayer nonton itu auto ngeuh itu matanya kenapa dikasih softlens Tokyo Ghoul . But serius tim mereka gaada kepikiran buat efek mata yang lebih serem dan iconic gitu buat mata mbah-mbahnya pas adegan kuda lumping? Mbah-mbahnya secara acting bagus banget tapi masa iya tim nya cuman ngasih efek mata kesurupan kuda lumpingnya gitu doang(?)

2. Pas lingkaran pengantin buat mengelabui demit nya kenapa Saya kepikiran lingkaran beruang laut? Wkwkwkwkwk.","11"
"@Furypedia","https://www.youtube.com/@Furypedia","4 bulan yang lalu","https://www.youtube.com/watch?v=8bRMzypCXS0&lc=Ugxjs8ibhapGPffa7GZ4AaABAg","itu film horor apa film 4no","1"
"@hzrdtoshi57","https://www.youtube.com/@hzrdtoshi57","4 bulan yang lalu","https://www.youtube.com/watch?v=8bRMzypCXS0&lc=UgyLhA-8WBpZsOCIjg94AaABAg&pp=0gcJCSMANpG00pGi","Gw mungkin telat tapi gw berharap gw masih bisa ikut diskusi. Gw jujur agak aneh karena scene teror di pabrik justru porsinya kalah jumlah sama scene teror di loji. selain itu, plotnya ancur banget kayak tiba-tiba ada kerajaan, tiba-tiba ketahuan temennya macem-macem, tiba-tiba harus tumbal, kayak gak ada penjelasannya aja gitu. hantunya juga ada yang gak jelas kayak hantu sepeda sama noni belanda klo yang paling kentara, mereka cuma hantuin sebentar tanpa ada kejelasan kenapa bisa mereka ada. gitu sih dari gw bang, klo keinget ntar gw tambahin dibawah","20"
"@RahmanStay","https://www.youtube.com/@RahmanStay","4 bulan yang lalu","https://www.youtube.com/watch?v=8bRMzypCXS0&lc=UgwSS7t2F_1JDJKSCGR4AaABAg","gelap banget gak keliatan","9"
"@Hadi-jt2ub","https://www.youtube.com/@Hadi-jt2ub","4 bulan yang lalu","https://www.youtube.com/watch?v=8bRMzypCXS0&lc=UgyWkVf3TlNNMPwnrP94AaABAg","Dari film pabrik gula
kakter yg birahi kek binatang 
karakter monster yg ga punya tujuan hidup
karakter lucu jadi korban tikung
karkater korban perselingkuhan
karakter jadi pelengkap kelucuan (lebih lucu lagi klo dia ga percaya setan terus percaya bisa ngebunuh karakter komedian tersebut menurut gw)
karakter yg punya khodam tapi ga bisa bicara baik"" dulu malah main usir jadi kurang developmentnya
karakter kambing hitam tiba"" dpt kekuatan over power 

untuk jam  kuning ama jam merah idenya bagus cuma ya eksekusinya jelek, kurang sadis mungkin karna setting waktu setannya yg ada penjajah lah, korban kebakaran, ama rumah sakit jiwa sulit diastukan dengan penayang 2 jam cuma KAN ADA VERSI UNCUT NAMBAH DURASI. 
Plot filmnya sampah eksekusinya kurang banyak potensi yg dpt diceritakna tapi dikejar durasi. Padahal sound effect, color grading, ligting cukup bagus apa lagi gw cukup terkejut pas orang buka perti emas ada cahayanya di dalamnya.","14"
"@MovieLover-g7y","https://www.youtube.com/@MovieLover-g7y","4 bulan yang lalu","https://www.youtube.com/watch?v=8bRMzypCXS0&lc=Ugw7V6KyqJVliWvo2iZ4AaABAg","Bang sekalian dah latihan gesture senyuman ala badut IT kaya Bill Skarsgard",""
"@DennyDarko","https://www.youtube.com/@DennyDarko","4 bulan yang lalu","https://www.youtube.com/watch?v=8bRMzypCXS0&lc=UgxIAg4SKEjzs_IisBh4AaABAg","Boss2 Keturunan India ini ga mau gambling buat rubah formula utk slot film lebaran, sama kaya Boss2 TV yg ga mau gambling dan pake host2 atau juri2 lain buat acara flagship mereka. Money First Creativity Later.

Anyway gini aja udah 2jt penonton ngapain susah2","191"
"@Qotato_R","https://www.youtube.com/@Qotato_R","4 bulan yang lalu","https://www.youtube.com/watch?v=8bRMzypCXS0&lc=UgwlJ3dTziMUoHgr4i14AaABAg","baaaaaangggg bahas JUMBO animasi keluaran 2025 dari visinema","9"
"@matchako1728","https://www.youtube.com/@matchako1728","4 bulan yang lalu","https://www.youtube.com/watch?v=8bRMzypCXS0&lc=Ugzztsv_0SkGf6D1PTR4AaABAg","Nggak ada niatan ngereview Jumbo kah padahal lagi hype hypenya","5"
"@wawanjuanda5916","https://www.youtube.com/@wawanjuanda5916","4 bulan yang lalu","https://www.youtube.com/watch?v=8bRMzypCXS0&lc=Ugx2-gFfNbBXKTx6QoJ4AaABAg","Seharusnya sosok monster ini lebih di explor lagi dalam film ini sebagai sosok hantu utama di flm ini agar lebih menegangkan lagi dari awal sampe akhir bukan hanya jumpscare yg hanya selintas selintas, menurut saya sih",""
"@delaanggraeni3868","https://www.youtube.com/@delaanggraeni3868","4 bulan yang lalu","https://www.youtube.com/watch?v=8bRMzypCXS0&lc=UgxlzYhqEgZo5ZWP2014AaABAg","Bener bgt, banyak jumpscare tapi gaada yg bikin takut sama sekali. 

Pas lebaran nonton sama saudara, gue denger ada suara anak kecil bjir di bioskop (munkin salah denger). Mall tempat nonton nya mau bangkrut kayanya, tapi ketolong sama bioskop, karna dari lantai 1-3 itu kosong. Gila aja masa anak kecil dibolehin masuk?","67"
"@danargalihjatnika2808","https://www.youtube.com/@danargalihjatnika2808","4 bulan yang lalu","https://www.youtube.com/watch?v=8bRMzypCXS0&lc=UgwxPTB07XchMg9U-wZ4AaABAg","sumpah lu nyebelin banget bang","6"
"@farrasnaufal721","https://www.youtube.com/@farrasnaufal721","4 bulan yang lalu","https://www.youtube.com/watch?v=8bRMzypCXS0&lc=UgzW54QS8CV5qGaVqAN4AaABAg","Tauga beberapa detail di Pabrik Gula yang bikin Saya ngakak:
1. Pas adegan kuda lumping dan mata mbah-mbah nya berubah, kalo para cosplayer nonton itu auto ngeuh itu matanya kenapa dikasih softlens Tokyo Ghoul . But serius tim mereka gaada kepikiran buat efek mata yang lebih serem dan iconic gitu buat mata mbah-mbahnya pas adegan kuda lumping? Mbah-mbahnya secara acting bagus banget tapi masa iya tim nya cuman ngasih efek mata kesurupan kuda lumpingnya gitu doang(?)

2. Pas lingkaran pengantin buat mengelabui demit nya kenapa Saya kepikiran lingkaran beruang laut? Wkwkwkwkwk.","11"
"@Furypedia","https://www.youtube.com/@Furypedia","4 bulan yang lalu","https://www.youtube.com/watch?v=8bRMzypCXS0&lc=Ugxjs8ibhapGPffa7GZ4AaABAg","itu film horor apa film 4no","1"
"@hzrdtoshi57","https://www.youtube.com/@hzrdtoshi57","4 bulan yang lalu","https://www.youtube.com/watch?v=8bRMzypCXS0&lc=UgyLhA-8WBpZsOCIjg94AaABAg&pp=0gcJCSMANpG00pGi","Gw mungkin telat tapi gw berharap gw masih bisa ikut diskusi. Gw jujur agak aneh karena scene teror di pabrik justru porsinya kalah jumlah sama scene teror di loji. selain itu, plotnya ancur banget kayak tiba-tiba ada kerajaan, tiba-tiba ketahuan temennya macem-macem, tiba-tiba harus tumbal, kayak gak ada penjelasannya aja gitu. hantunya juga ada yang gak jelas kayak hantu sepeda sama noni belanda klo yang paling kentara, mereka cuma hantuin sebentar tanpa ada kejelasan kenapa bisa mereka ada. gitu sih dari gw bang, klo keinget ntar gw tambahin dibawah","20"
"@RahmanStay","https://www.youtube.com/@RahmanStay","4 bulan yang lalu","https://www.youtube.com/watch?v=8bRMzypCXS0&lc=UgwSS7t2F_1JDJKSCGR4AaABAg","gelap banget gak keliatan","9"
"@Hadi-jt2ub","https://www.youtube.com/@Hadi-jt2ub","4 bulan yang lalu","https://www.youtube.com/watch?v=8bRMzypCXS0&lc=UgyWkVf3TlNNMPwnrP94AaABAg","Dari film pabrik gula
kakter yg birahi kek binatang 
karakter monster yg ga punya tujuan hidup
karakter lucu jadi korban tikung
karkater korban perselingkuhan
karakter jadi pelengkap kelucuan (lebih lucu lagi klo dia ga percaya setan terus percaya bisa ngebunuh karakter komedian tersebut menurut gw)
karakter yg punya khodam tapi ga bisa bicara baik"" dulu malah main usir jadi kurang developmentnya
karakter kambing hitam tiba"" dpt kekuatan over power 

untuk jam  kuning ama jam merah idenya bagus cuma ya eksekusinya jelek, kurang sadis mungkin karna setting waktu setannya yg ada penjajah lah, korban kebakaran, ama rumah sakit jiwa sulit diastukan dengan penayang 2 jam cuma KAN ADA VERSI UNCUT NAMBAH DURASI. 
Plot filmnya sampah eksekusinya kurang banyak potensi yg dpt diceritakna tapi dikejar durasi. Padahal sound effect, color grading, ligting cukup bagus apa lagi gw cukup terkejut pas orang buka perti emas ada cahayanya di dalamnya.","14"
"@MovieLover-g7y","https://www.youtube.com/@MovieLover-g7y","4 bulan yang lalu","https://www.youtube.com/watch?v=8bRMzypCXS0&lc=Ugw7V6KyqJVliWvo2iZ4AaABAg","Bang sekalian dah latihan gesture senyuman ala badut IT kaya Bill Skarsgard",""
"@Danishhahaha","https://www.youtube.com/@Danishhahaha","4 bulan yang lalu","https://www.youtube.com/watch?v=8bRMzypCXS0&lc=UgzWxEsIdoJ7T9hM6Pl4AaABAg","Bahas jumbo om timoti pideyalo","10"
"@rskysf","https://www.youtube.com/@rskysf","4 bulan yang lalu","https://www.youtube.com/watch?v=8bRMzypCXS0&lc=UgwhMuha0zDTvMNOAJ54AaABAg","film sampah!!,lebih serem film lawang sewu(2007)drpd ini,based on story jir ngakak,punya otak bukan digunain buat bikin plot bagus malah ambil dari thread viral, begini mau Indonesia emas 2045?plis ngakak","3"
"@romansaakbar2006","https://www.youtube.com/@romansaakbar2006","4 bulan yang lalu","https://www.youtube.com/watch?v=8bRMzypCXS0&lc=UgwVHqDKHODHMLkL3KB4AaABAg","awas jadi bahan potongan meme","6"
"@humanchapter-HC","https://www.youtube.com/@humanchapter-HC","4 bulan yang lalu","https://www.youtube.com/watch?v=8bRMzypCXS0&lc=Ugx7v5UUUHMSjE99kkF4AaABAg","Bang review Tobe Hero X, hasil kolaborasi Bilibili sama Aniplex, perpaduan animasi 3d dan 2d, baru liat PVnya keren parah.","1"
"@QR-_-RAM","https://www.youtube.com/@QR-_-RAM","4 bulan yang lalu","https://www.youtube.com/watch?v=8bRMzypCXS0&lc=UgzP4AIaQYkCXfzZIep4AaABAg","Lu bilang sakit hati 
(Gue malah lebih sakit hati  dibohongi diawal video)","35"
"@OmWaWa","https://www.youtube.com/@OmWaWa","4 bulan yang lalu","https://www.youtube.com/watch?v=8bRMzypCXS0&lc=UgxgIkKsMVGM_pLR-gh4AaABAg","kkn pindah tempat ke pabrik :)","137"
"@Witchh132","https://www.youtube.com/@Witchh132","4 bulan yang lalu","https://www.youtube.com/watch?v=8bRMzypCXS0&lc=UgwZdTFL2atFmMtAE314AaABAg","Next review jumbo dong bang","26"
"@Kaslana2943","https://www.youtube.com/@Kaslana2943","4 bulan yang lalu","https://www.youtube.com/watch?v=8bRMzypCXS0&lc=UgyZwDbveOBevKDIfml4AaABAg","Kapan review violet evergaden @ngelanturindonesia",""
"@zzziisss","https://www.youtube.com/@zzziisss","4 bulan yang lalu (diedit)","https://www.youtube.com/watch?v=8bRMzypCXS0&lc=Ugy39Qs-lPezR9w34MV4AaABAg","nanti akhir bulan ada film horror yg lumayan fresh nih bang, namanya ""Penjagal Iblis Dosa Turunan"". menurut gw fresh aja sih keliatannya soalnya konsep jagal iblis nya itu






btw bang bisa kali review Keramat (2009)","1"
"@undetectedme7019","https://www.youtube.com/@undetectedme7019","4 bulan yang lalu","https://www.youtube.com/watch?v=8bRMzypCXS0&lc=UgzBmMKtUokwPlFHnr94AaABAg","Lain kali kalo ada embel2 SIMPLE MAN SIMPLE MAN lagi skip aja ya buat kita semua. Biar gak jadi kebiasaan mereka mmproduksi film yg HAMPIR sampah.

Coba contoh penulisan film luar negeri, gw ambil contoh CONFESSION (2010) alias Kokuhaku dalam bahasa Jepang, ini film gila banget PENULISANNYA, kita benar2 di buat masuk kedalam cerita, benar2 di buat sedalam mungkin, sedetail mungkin, dan uniknya memakai sudut pandang yg berbeda beda pula. Cinematografinya juga ciamik padahal di produksi tahun 2010.

Gw harap Bang NGELANTUR suatu saat review film ini, asli GW JAMIN 100% GAK MENGECEWAKAN.","6"
"@goodchoise8732","https://www.youtube.com/@goodchoise8732","4 bulan yang lalu","https://www.youtube.com/watch?v=8bRMzypCXS0&lc=Ugzy0fnEHj8Qs9Cxobp4AaABAg","ceritanya bagus kok gesss,saking bagusnya ini cerita bisa ngebantu gw buat tidur abiss begadang malem malem buat nugas,mayan banget kan 2 jam 12 menit  buat tidur,udh ruangannya sedikit hening,dingin lagiii,sangat rekomen untuk kalian tonton apalagi bagi kalian yang susah tidur.....entar kalo ditanya tadi film nyeritain apa,bilang aja org ngentot di pabrik tapi kagakj ngajak dedemit,jadi dedemitnya kesel dan balas dendam","44"
"@taqyfathoni","https://www.youtube.com/@taqyfathoni","4 bulan yang lalu (diedit)","https://www.youtube.com/watch?v=8bRMzypCXS0&lc=Ugz0C9bmP0n7oF0Y_ed4AaABAg","Kaget anjir tiba2 up
Kemaren review neza 6 hari setelah snow white,sekarang baru tiga hari udah up gua belum siap bang
Semangat selalu bang timoty","17"
"@koeyanks","https://www.youtube.com/@koeyanks","4 bulan yang lalu","https://www.youtube.com/watch?v=8bRMzypCXS0&lc=Ugyn7U5aDWnw2oHceMp4AaABAg","BAng bahas film jumbo bang",""
"@LiaMardiana-o9n","https://www.youtube.com/@LiaMardiana-o9n","4 bulan yang lalu","https://www.youtube.com/watch?v=8bRMzypCXS0&lc=Ugw4BeOmNk3Ag0GzwiJ4AaABAg","Padahal bisa ngulik tentang manten tebu atau tradisi cembengan flashback ke jaman belanda dulu atau gimana lah banyak banget cerita yg bisa di kembangin. 
Eh malah bikin plot kek KKN","8"
"@rayzhandoseru7413","https://www.youtube.com/@rayzhandoseru7413","4 bulan yang lalu (diedit)","https://www.youtube.com/watch?v=8bRMzypCXS0&lc=UgxUSZPotaDlE2KybuJ4AaABAg","ngawur banget lu bang","4"
"@delimakurnia740","https://www.youtube.com/@delimakurnia740","4 bulan yang lalu","https://www.youtube.com/watch?v=8bRMzypCXS0&lc=UgyJLlqZCwOJYYWMNPZ4AaABAg","guys pls mending nonton jumbooooo!! dukung yg beneran buat karya untuk Indonesia worth itttt","3,9 rb"
"@rezaooons515","https://www.youtube.com/@rezaooons515","4 bulan yang lalu","https://www.youtube.com/watch?v=8bRMzypCXS0&lc=UgzRDJVGw52MjRfRol14AaABAg","Bang bahas film jumbo","1"
"@Sutris-n1p","https://www.youtube.com/@Sutris-n1p","4 bulan yang lalu","https://www.youtube.com/watch?v=8bRMzypCXS0&lc=UgzqUvkzFajp0RcGwZ94AaABAg","Teman teman yang terhormat, kabarin gua kalo kualitas film horor Indonesia minimal udah setara The Conjuring dan teman2nya. Baru gua akan dengan kesadaran penuh beli tiket dan duduk manis nonton tanpa main HP","27"
"@megseries","https://www.youtube.com/@megseries","4 bulan yang lalu","https://www.youtube.com/watch?v=8bRMzypCXS0&lc=Ugzu9JXoizhy8zLa_YR4AaABAg","Intronya ngeri bang","9"
"@sky_atnight","https://www.youtube.com/@sky_atnight","4 bulan yang lalu","https://www.youtube.com/watch?v=8bRMzypCXS0&lc=UgwnIvU8Dx4W5w2LhLJ4AaABAg","Gilaaa trending","7"